,artist,title,medium,height,width,creation_year,country,fold_ix
1,"Forbes-Robertson, Eric","In the Forest, Pont-Aven",OilPaintCanvas,905,686,1895,UK,1
2,"Stein, Ronald",Lessons of the Camp,Screenprint,940,622,1967,US,2
3,"Watson, Lyall",[no title],Lithograph,762,559,1978,Other,3
4,"Klinghoffer, Clara",The Old Troubadour,OilPaintCanvas,648,533,1926,Other,4
5,"Chaney, Israel",Untitled,Screenprint,521,521,1968,Other,5
6,"Sadler, Walter Dendy",A Good Story,OilPaintCanvas,819,622,1881,UK,1
7,"Lee, Sydney",The Top of the St Gotthard,OilPaintCanvas,762,508,1943,UK,2
8,"Bohm, Dorothy",Paris,Photograph,185,235,1970,Other,3
9,"Bell, Vanessa",Studland Beach. Verso: Group of Male Nudes by Duncan Grant,OilPaintCanvas,1016,762,1912,UK,4
10,"Bellmer, Hans",The Doll,Photograph,240,238,1936,Other,5
11,"Rosoman, Leonard","The Gothik Temple, Stowe",Lithograph,689,511,1971,UK,1
12,"Kunkel, Don",Untitled,Screenprint,79,79,1971,Other,2
13,"Nash, John",A Path through Trees,OilPaintCanvas,610,508,1915,UK,3
14,"Robinson, Frederick Cayley",Pastoral,OilPaintCanvas,1164,903,1923,UK,4
15,"Cooke, Nigel",New Accursed Art Club,OilPaintCanvas,3702,2202,2007,UK,5
16,"Kramer, Jacob",Dorothy Parker,OilPaintCanvas,641,762,1928,Other,1
17,"Braud, Jean",After the Misdeed,OilPaintCanvas,460,381,1885,Other,2
18,"Hayden, Henri",Chess Board in Ochre,OilPaintCanvas,923,736,1961,Other,3
19,"Bawden, Richard","Telfords Bridge, Conway",Lithograph,457,597,1965,UK,4
20,"Herbert, John Rogers",Laborare est Orare,OilPaintCanvas,1759,972,1862,UK,5
21,"Des Granges, David",The Saltonstall Family,OilPaintCanvas,2762,2140,1636,UK,1
22,"Sterne, Maurice",Mexican Church Interior,OilPaintCanvas,1022,1283,1934,Other,2
23,"Kneller, Sir Godfrey","Philip, 4th Lord of Wharton",OilPaintCanvas,1448,2286,1685,Other,3
24,"Friedenson, Arthur",Runswick Bay,OilPaintCanvas,1537,1025,1907,UK,4
25,"Schwarzkogler, Rudolf",3rd Action,Photograph,500,600,1965,Other,5
26,"Marquet, Albert",Bay of Naples,OilPaintCanvas,775,648,1908,Other,1
27,"Shadbolt, Jack",Begetting Green,Screenprint,352,476,1967,UK,2
28,"Leslie, George Dunlop",The Deserted Mill,OilPaintCanvas,940,1194,1906,UK,3
29,"Aumonier, James",The Black Mountains,OilPaintCanvas,1829,1219,1905,Other,4
30,"Gauguin, Paul",Harvest: Le Pouldu,OilPaintCanvas,921,730,1890,Other,5
31,"Tremblay, Gerard",The Sun Turns Square,Lithograph,406,508,1971,Other,1
32,"Madani, Tala",Stoneman Skinning Man,OilPaintCanvas,406,458,2011,Other,2
33,"Klein, Astrid",Petrified Vision,Photograph,3596,2469,1985,Other,3
34,"Fagan, Robert","Anna Maria Ferri, the Artists First Wife",OilPaintCanvas,616,737,1790,UK,4
35,"Graeser, Camille",Untitled,Screenprint,260,524,1976,Other,5
36,"King, Ronald",III the Squire [from the book The Prologue],Lithograph,181,279,1978,UK,1
37,"Penny, Edward",The Gossiping Blacksmith,OilPaintCanvas,1010,1257,1769,UK,2
38,"Dova, Gianni",Sudden Aggression,OilPaintCanvas,800,597,1955,Other,3
39,"Lancaster, Rev. Richard Hume","Landscape, with a View of Oxford",OilPaintCanvas,711,508,1814,Other,4
40,"Malthouse, Eric",Midsummer,Screenprint,6096,3048,1967,UK,5
41,"Lissitzky, El",10. New Man,Lithograph,430,510,1923,Other,1
42,"Joyce, Paul","Photograph of Ansel Adams, Bill Brandt and Brassa sitting in the Victoria and Albert Museum Garden",Photograph,255,200,1976,Other,2
43,"How, Beatrice",LInfirmire,OilPaintCanvas,470,654,1914,UK,3
44,"Yeats, Jack Butler",A Rose Among Many Waters,OilPaintCanvas,1220,915,1952,UK,4
45,"Richardson-Jones, Keith",Untitled,Screenprint,381,381,1974,UK,5
46,"Japp, Darsie",Saddleback from Wallthwaite,OilPaintCanvas,920,693,1912,UK,1
47,"Sartorius, John Nost",The Earl of Darlington Fox-Hunting with the Raby Pack: The Death,OilPaintCanvas,914,711,1804,UK,2
48,"Wiener, Martin",6. Children in the Panto Family Kindergarten,Lithograph,703,498,1972,Other,3
49,"Stringer, Daniel",Portrait of the Artist,OilPaintCanvas,683,845,1776,UK,4
50,"Laidlay, William James",On the Nile,OilPaintCanvas,610,406,1900,Other,5
51,"Maitland, Paul","The Three Public-Houses, Morning Sun Light",OilPaintCanvas,705,760,1889,UK,1
52,"Kline, Franz",Meryon,OilPaintCanvas,1956,2359,1960,US,2
53,"Murphy, John",The Gathering Anguish Strikes Beneath ...,OilPaintCanvas,1450,1850,1982,UK,3
54,"Mitchell, Joan",Chord II,OilPaintCanvas,970,1620,1986,US,4
55,"Kirchner, Ernst Ludwig",Bathers at Moritzburg,OilPaintCanvas,1997,1511,1909,Other,5
56,"Armitage, Edward",The Remorse of Judas,OilPaintCanvas,2013,1276,1866,UK,1
57,"Lang, Daniel",Rosewood,Screenprint,686,495,1974,US,2
58,"Wells, Henry Tanworth",Victoria Regina,OilPaintCanvas,1918,2451,1880,UK,3
59,"Ferris, Dee",Crush and Rush,OilPaintCanvas,2750,1525,2009,UK,4
60,"Sadotti, Giorgio",Dont Look,Screenprint,840,1040,2000,Other,5
61,"Hill, Derek",Sir Frederick Ashton,OilPaintCanvas,609,508,1964,UK,1
62,"Fisher, Brian",Untitled,Screenprint,343,470,1967,Other,2
63,"Van Aken, Joseph",An English Family at Tea,OilPaintCanvas,1162,994,1720,Other,3
64,"Porter, Frederick J.",Winter Landscape,OilPaintCanvas,737,571,1929,Other,4
65,"Shields, Alan","Two Birds, Woodcock I",Lithograph,617,527,1978,US,5
66,"Jones, Zebedee",Untitled,OilPaintCanvas,840,990,1998,UK,1
67,"Currie, Ken",Scottish Mercenaries,OilPaintCanvas,2130,2740,1987,UK,2
68,"Adams, Norman",Christs Cross and Adams Tree,OilPaintCanvas,1526,1270,1989,UK,3
69,"Cazin, Marie",Evening,OilPaintCanvas,460,327,1884,Other,4
70,"Boxer, Stanley",Softwinterseekingwhiteness,Lithograph,275,327,1976,US,5
71,"Gowing, Sir Lawrence",Wellington Square,OilPaintCanvas,764,509,1944,UK,1
72,"Wardle, Arthur",Fate,OilPaintCanvas,1480,946,1904,UK,2
73,"Dottori, Gerardo",Explosion of Red on Green,OilPaintCanvas,695,492,1910,Other,3
74,"Lowndes, Alan",Stockport Viaduct,Lithograph,502,410,1973,UK,4
75,"Jamieson, Alexander",The Tuileries Gardens and the Rue de Rivoli,OilPaintCanvas,813,610,1901,UK,5
76,"Schmidt, Peter",Flowing in the Right Direction,Lithograph,321,521,1971,Other,1
77,"Fahlstrm, yvind",Column no. 4 (IB-affair),Screenprint,483,588,1974,Other,2
78,"Manet, Edouard",Woman with a Cat,OilPaintCanvas,730,921,1880,Other,3
79,"Lawson, Cecil",The Hop-Gardens of England,OilPaintCanvas,2134,1537,1874,UK,4
80,"Dennis, Jeffrey",The Confinement of Richard Dadd,OilPaintCanvas,915,980,1985,UK,5
81,"Ricketts, Charles",Italia Redenta,Lithograph,425,686,1917,Other,1
82,"Appelbee, Leonard",Red Bream,Lithograph,606,451,1971,UK,2
83,"Pich, Roland",Portrait Head,Screenprint,752,566,1972,UK,3
84,"Kennington, Thomas Benjamin",Orphans,OilPaintCanvas,762,1016,1885,UK,4
85,"Kuper, Roi",Untitled,Photograph,1190,1190,1999,Other,5
86,"O'Neill, George Bernard",The Foundling,OilPaintCanvas,1194,698,1852,Other,1
87,"Lhote, Andr",Study for Homage to Watteau,OilPaintCanvas,360,333,1918,Other,2
88,"Winstanley, Paul",Woman at a Window 2,OilPaintCanvas,1550,1350,2003,UK,3
89,"Dimitrienko, Pierre",The Petrified Forest,OilPaintCanvas,1619,1302,1956,Other,4
90,"Wiszniewski, Adrian",Kasmin and Kappo,OilPaintCanvas,2768,2443,1985,UK,5
91,"Perera, Ed",Liza,Lithograph,603,508,1977,Other,1
92,"Lewis, Wyndham",Nigel Tangye,OilPaintCanvas,917,967,1946,Other,2
93,"Wynter, Bryan",Riverbed,OilPaintCanvas,1220,1524,1959,UK,3
94,"Haydon, Benjamin Robert",Gentleman with a Horse,OilPaintCanvas,762,632,1844,UK,4
95,"Colescott, Warrington",5. Home on the Range,Lithograph,588,791,1968,US,5
96,"McCullin, Don","Checkpoint Charlie, Berlin",Photograph,385,385,1961,UK,1
97,"Kettle, Tilly",Mrs Yates as Mandane in The Orphan of China,OilPaintCanvas,1295,1924,1765,US,2
98,"Wells, Joanna Mary",Portrait of Sidney Wells,OilPaintCanvas,251,276,1859,Other,3
99,"Ono, Yoko",I Ching No. 14,Lithograph,762,511,1970,Other,4
100,"Gibbs, Henry",Aeneas and his Family Fleeing Burning Troy,OilPaintCanvas,1598,1550,1654,Other,5
101,"Charbonneau, Monique",The Tribulations of Little Antoine,Lithograph,498,670,1971,Other,1
102,"Willcock, George Burrell","Chelston Lane, Torquay",OilPaintCanvas,514,616,1851,UK,2
103,"King, John Henry Yeend",Milking Time,OilPaintCanvas,1840,1219,1898,UK,3
104,"Critchlow, Keith",Nasr (Victory),Lithograph,508,635,1976,UK,4
105,"Neiland, Brendan",City Window,Screenprint,252,381,1988,UK,5
106,"Hall, Oliver",Vale of Festiniog,OilPaintCanvas,813,559,1936,UK,1
107,"Wade, Thomas",Turf Cutters,OilPaintCanvas,700,900,1869,US,2
108,"Mantz, Werner","Communion bench, Kreneheide 1935",Photograph,167,224,1935,Other,3
109,"Sanders, Ann","Wooded Landscape with Traveller and Packhorse, after F. Towne",Watercolor,387,275,1778,Other,4
110,"Turner, Joseph Mallord William","The Blue Rigi, Sunrise",Watercolor,450,297,1842,UK,5
111,"Mahoney, Charles",Wrotham Place from the Garden,OilPaintCanvas,610,407,1952,UK,1
112,"Pyman, James",On the Sound,Lithograph,260,210,2000,UK,2
113,"Koch, Eleanor",Four Images,Lithograph,851,635,1977,Other,3
114,"Mozley, Charles",Pharoahs Daughter,Lithograph,419,603,1959,UK,4
115,"Richmond, Sir William Blake",Portrait of Mrs Ernest Moon,OilPaintCanvas,1020,1275,1888,UK,5
116,"Munch, Edvard",The Sick Child,OilPaintCanvas,1210,1187,1907,Other,1
117,"Sander, August",Self-portrait,Photograph,149,216,1922,Other,2
118,"Von Motesiczky, Marie-Louise",From Night into Day,OilPaintCanvas,1166,838,1975,Other,3
119,"McLachlan, Thomas Hope",Evening Quiet,OilPaintCanvas,870,584,1891,Other,4
120,"Fukushima, Hideko",Arc 8,OilPaintCanvas,965,965,1963,Other,5
121,"Ford, Mary",Boats-Antibes,Screenprint,483,210,1978,Other,1
122,"Opie, John",The Peasants Family,OilPaintCanvas,1835,1537,1783,UK,2
123,"Daniell, Thomas","Sir Charles Warre Malet, Concluding a Treaty in 1790 in Durbar with the Peshwa of the Maratha Empire",OilPaintCanvas,2794,1810,1805,UK,3
124,"Pollard, James",Trolling for Pike in the River Lee,OilPaintCanvas,446,356,1831,UK,4
125,"Smith, Sir Matthew",Landscape near Antibes,OilPaintCanvas,550,460,1930,UK,5
126,"Scott, Robert",Peruvian Night,Lithograph,460,622,1965,Other,1
127,"Stanley, Lady Dorothy",His First Offence,OilPaintCanvas,343,629,1896,UK,2
128,"Williams, Terrick","Quiet Twilight, Honfleur",OilPaintCanvas,1270,921,1922,UK,3
129,"Holst, Theodor von",Fantasy Based on Goethes Faust,OilPaintCanvas,757,1116,1834,Other,4
130,"Austen, David",[no title],Lithograph,255,360,1991,UK,5
131,"Model, Lisette","Window reflections, Fifth Avenue, New York City",Photograph,400,495,1945,Other,1
132,"Crawford, Susan",Horse and Rider,Lithograph,781,578,1973,UK,2
133,"Meninsky, Bernard",Sleeping Woman in a Landscape,OilPaintCanvas,1070,613,1945,Other,3
134,"Beechey, Sir William",Portrait of Sir Francis Fords Children Giving a Coin to a Beggar Boy,OilPaintCanvas,1500,1805,1793,UK,4
135,"Hunt, Alfred William","Iron Works, Middlesborough",OilPaintCanvas,641,438,1865,UK,5
136,"Verheyen, Jeff",Untitled,Screenprint,651,651,1972,Other,1
137,"Gwynne-Jones, Allan",Self-Portrait,OilPaintCanvas,330,432,1926,UK,2
138,"Aitchison, Craigie",Model and Dog,OilPaintCanvas,1880,2210,1974,UK,3
139,"Portway, Douglas",White Screen,OilPaintCanvas,1270,1016,1970,Other,4
140,"Olley, Jonathan","Mountpottinger Road RUC Station, Belfast",Photograph,995,757,1999,UK,5
141,Marwan (Marwan Kassab Bachi),"Sisyphus, The Wall",OilPaintCanvas,1950,1950,2008,Other,1
142,"Sleter, Francesco",A Representation of the Liberal Arts: Ceiling Design for the State Dining Room at Grimsthorpe Castle,OilPaintCanvas,762,613,1724,Other,2
143,"Kindersley, David",Quality before Quantity,Lithograph,457,584,1971,Other,3
144,"Grimshaw, Trevor",Open Space,Lithograph,422,327,1974,UK,4
145,"Leonard, Zoe",Carnivores,Photograph,381,561,1992,US,5
146,"Schetky, John Christian",Loss of the Royal George,OilPaintCanvas,1829,1060,1840,US,1
147,"Newman, Hayley",Volcano Lady,Lithograph,297,297,2007,UK,2
148,"Steer, Philip Wilson",Model Seated Before a Mirror,OilPaintCanvas,508,918,1894,UK,3
149,"Charnay, Armand",The Park of Sansac (Indre-et-Loire),OilPaintCanvas,394,295,1885,Other,4
150,"Joseph, Lily D.","Roofs, High Holborn",OilPaintCanvas,1473,1346,1937,Other,5
151,"West, Walter","Sunshine, Breeze, and Blossom: Lake Como",OilPaintCanvas,1283,1016,1913,UK,1
152,"Ardizzone, Edward",View from the Window of My Studio in Kent,Watercolor,406,264,1967,Other,2
153,"Hall, Harry",John Barham Day with his Sons John and William on Newmarket Heath,OilPaintCanvas,765,632,1841,UK,3
154,"Brill, Frederick","Quarry Face, Worth Matravers",OilPaintCanvas,1220,915,1956,Other,4
155,"Stuart, Gilbert",Portrait of a Man (Self-portrait?),OilPaintCanvas,635,754,1782,US,5
156,"Lange, Dorothea","Migrant Mother, Nipomo, California",Photograph,280,355,1935,US,1
157,"Schurmann, Herbert",Untitled (Sheets of Paper),Photograph,73.5,100,1932,Other,2
158,"Watt, George Fiddes",The Artists Mother,OilPaintCanvas,800,1054,1910,UK,3
159,"Lancaster, Osbert",Pineapple Poll,Lithograph,314,419,1937,UK,4
160,"Bliss, Douglas Percy","Gunhills, Windley",OilPaintCanvas,1016,762,1946,Other,5
161,"Calderon, Philip Hermogenes",Broken Vows,OilPaintCanvas,679,914,1856,Other,1
162,"Richter, Vjenceslav",Sespo 3,Screenprint,610,825,1980,Other,2
163,"Nicholson, Mabel",Family Group,OilPaintCanvas,1479,1695,1911,Other,3
164,"Friesz, Othon",The Castle of Falaise (Evening),OilPaintCanvas,600,730,1904,Other,4
165,"Skild, Birgit",Water Is Water,Lithograph,340,288,1979,Other,5
166,"Weaver, Thomas","Thomas Morriss Sheep Show at Barton-on-Humber, Lincolnshire",OilPaintCanvas,1286,1028,1810,Other,1
167,"Collein, Edmund","Untitled (Material Study, Josef Albers Preliminary Course, Bauhaus Dessau)",Photograph,75,104,1927,Other,2
168,"Carter, William",The Refectory Table,OilPaintCanvas,762,635,1936,UK,3
169,"Cast, Jesse Dale",Miss Beatrice M. Dale Cast,OilPaintCanvas,406,562,1950,Other,4
170,"Gow, Andrew Carrick",Cromwell at Dunbar,OilPaintCanvas,1511,1206,1886,UK,5
171,"Gleizes, Albert",Portrait of Jacques Nayral,OilPaintCanvas,1140,1619,1911,Other,1
172,"Gerrard, Kathleen",Still Life with Yellow Fungus,OilPaintCanvas,510,405,1936,Other,2
173,"Helman, Robert",Candile,OilPaintCanvas,797,797,1955,Other,3
174,"Williams, Fred",Riverbed D,OilPaintCanvas,1368,1748,1981,Other,4
175,"Daniels, Harvey",Marcs Dogs,Lithograph,349,622,1975,UK,5
176,"Consemller, Erich",Untitled,Photograph,121,133,1926,Other,1
177,"Van Heemskerk, Egbert, III",The Doctors Visit,OilPaintCanvas,625,759,1725,Other,2
178,"O'Connor, John",Kersey Church,Lithograph,635,486,1970,UK,3
179,"Bush, Jack",Colour Column on Suede,OilPaintCanvas,1372,2267,1965,Other,4
180,"Hutton, Clarke",Harlequinade,Lithograph,759,495,1946,UK,5
181,"Murray, Sir David",Summer Haze in Sussex,OilPaintCanvas,737,610,1929,UK,1
182,"Lander, Reginald",Windsor Castle,Lithograph,356,257,1976,Other,2
183,"Saura, Antonio",Imaginary Portrait of Goya,OilPaintCanvas,965,1295,1966,Other,3
184,"Holt, Lilian","Tajo, Ronda",OilPaintCanvas,911,711,1956,UK,4
185,"Laroon, Marcellus, the Younger",A Musical Assembly,OilPaintCanvas,1270,1016,1720,UK,5
186,"Carter, Samuel John",Morning with the Wild Red Deer,OilPaintCanvas,2407,1485,1876,UK,1
187,"Rawsthorne, Isabel",View through a Window II,OilPaintCanvas,1752,940,1967,Other,2
188,"Rhoades, Geoffrey","Winter Afternoon, Chalk Farm",OilPaintCanvas,1137,832,1935,UK,3
189,"Erwitt, Elliot",New York City,Photograph,405,305,1974,Other,4
190,"Clough, Prunella",Stack,OilPaintCanvas,1880,1510,1993,UK,5
191,"Conder, Charles",Spanish Set,Lithograph,451,295,1905,UK,1
192,"Buffet, Bernard",Portrait of the Artist,OilPaintCanvas,1140,1464,1954,Other,2
193,"Rivers, Leopold",Stormy Weather,Watercolor,768,546,1892,UK,3
194,"Rothenberg, Susan",Vertical Spin,OilPaintCanvas,2860,3308,1986,US,4
195,"Palmer, Roger",Tarmac Strip,Screenprint,178,267,1972,UK,5
196,"Muhrman, Henry",Kew Bridge,OilPaintCanvas,927,610,1898,US,1
197,"Reysschoot, Peter John van",A Jacobite Group in St James Park,OilPaintCanvas,553,458,1735,Other,2
198,"Griffier, Jan, I",A Turkey and other Fowl in a Park,OilPaintCanvas,1390,1146,1710,Other,3
199,"Noble, Robert","Dirleton Church, East Lothian",OilPaintCanvas,608,305,1912,UK,4
200,"Rice, Brian",Kuroi,Screenprint,610,805,1963,UK,5
201,"Innes, Callum",Untitled No 51,OilPaintCanvas,1210,1250,2011,UK,1
202,"Baran, Stefan",Ted Heath,Screenprint,441,613,1972,Other,2
203,"Sichel, Ernest Leopold",Musical Instruments,OilPaintCanvas,1181,533,1895,UK,3
204,"Cantor, Ellen",share it with me,Lithograph,300,360,2008,US,4
205,"Faed, Thomas",Highland Mother,OilPaintCanvas,203,267,1870,UK,5
206,"Barker, Thomas, of Bath",Self-Portrait,OilPaintCanvas,629,756,1796,UK,1
207,"Horton, Percy",The Invalid,OilPaintCanvas,406,508,1934,UK,2
208,"David, Allen",Red Fountain II,Lithograph,464,610,1970,Other,3
209,"Beggs, Guy",In the Shade,Lithograph,229,232,1973,Other,4
210,"Ballen, Roger",Puppy between Feet,Photograph,360,355,1999,US,5
211,"Williams, Edward",A Village Forge: Moonlight,OilPaintCanvas,457,308,1845,UK,1
212,"Brown, Sir Arnesby",The Line of the Plough,OilPaintCanvas,762,635,1919,UK,2
213,"Boitard, Louis Philippe",An Exact Representation of the Game of Cricket,OilPaintCanvas,591,489,1760,Other,3
214,"Jungman, Nico",At Monnikendam,OilPaintCanvas,762,635,1922,Other,4
215,"Geden, Dennis",2. Still Life and 3. Quiet Horse,Lithograph,312,471,1976,Other,5
216,"Monnington, Sir Thomas",Trees,OilPaintCanvas,452,350,1938,UK,1
217,"Carlo, Michael",Evening,Screenprint,254,381,1978,UK,2
218,"Tyrwhitt, Ursula",Flowers,Watercolor,384,406,1912,UK,3
219,"Webb, James","Mont St Michel, Normandy",OilPaintCanvas,2429,1511,1857,UK,4
220,"Starr, Georgina",You Stole my Look,Screenprint,887,719,1997,UK,5
221,"Villers, Dee",Kyrenia Harbour,Lithograph,619,410,1970,Other,1
222,"Corbet, Matthew Ridley",Val dArno: Evening,OilPaintCanvas,2089,908,1901,UK,2
223,"Bellingham-Smith, Elinor",Dragon-Flies,OilPaintCanvas,914,610,1947,UK,3
224,"Gethin, Percy Francis",View from Chteau Chinon,Watercolor,279,219,1911,Other,4
225,"Manessier, Alfred",-12,OilPaintCanvas,1460,1143,1956,Other,5
226,"Nebot, Balthazar",Covent Garden Market,OilPaintCanvas,1228,648,1737,Other,1
227,"Jesih, Boris",The Apple Tree and the Grafts,Lithograph,665,875,1979,Other,2
228,"Cardoso, Jos, Junior",They Amuse Themselves,OilPaintCanvas,689,540,1935,Other,3
229,"House, Gordon",[no title],Screenprint,698,502,1979,UK,4
230,"Laporte, George Henry",Arab Mare and Foal with Attendant by a Ruined Temple,OilPaintCanvas,673,486,1835,Other,5
231,"Wainwright, John",Flower-piece,OilPaintCanvas,559,662,1867,Other,1
232,"Wolmark, Alfred",Decorative Still Life,OilPaintCanvas,762,622,1911,Other,2
233,"Goodall, Frederick",The Ploughman and the Shepherdess: Time of the Evening Prayer,OilPaintCanvas,2448,1932,1897,UK,3
234,"Severini, Gino",Suburban Train Arriving in Paris,OilPaintCanvas,1156,886,1915,Other,4
235,"Large, Valerie",Space Cut,Lithograph,500,298,1973,Other,5
236,"Richter, Gerhard",Abstract Painting (726),OilPaintCanvas,3500,2500,1990,Other,1
237,"Newton, Algernon",A Gleam of Sunlight,OilPaintCanvas,610,457,1966,UK,2
238,"Gregory, Edward John",Marooning,Watercolor,457,368,1887,UK,3
239,"Lohse, Richard Paul",[no title],Screenprint,660,660,1981,Other,4
240,"Gentleman, Tom",Grey Horses,Lithograph,765,496,1946,Other,5
241,"Thomson, Henry",The Raising of Jairus Daughter,OilPaintCanvas,2990,2414,1820,UK,1
242,"Alexander, Edwin",Peacock and Python,Watercolor,1780,1018,1905,UK,2
243,"Starr, Sydney",A Study,OilPaintCanvas,355,455,1887,UK,3
244,"Tanguy, Yves",Untitled,Watercolor,235,80,1937,Other,4
245,"Kinley, Peter",Large House with Two Gables,OilPaintCanvas,2780,1932,1980,Other,5
246,"Wonnacott, John",Portrait of Jim Manton,OilPaintCanvas,510,610,2000,UK,1
247,"Landsaat, Hans",Red Still Life,Screenprint,807,730,1980,Other,2
248,"Rippingille, Edward Villiers",Capuchin Friar,OilPaintCanvas,584,686,1833,UK,3
249,"Cottingham, Robert",Frankfurters,Lithograph,267,265,1980,US,4
250,"Dobson, William",Portrait of the Artists Wife,OilPaintCanvas,457,610,1635,UK,5
251,"Celic, Stojan",Region,Lithograph,400,572,1979,Other,1
252,"Penagos, Rafael",Boy with Mirror,Lithograph,571,775,1976,Other,2
253,"Drever, Timothy",Untitled,Screenprint,610,610,1969,UK,3
254,"Repin, Ilya",Study of an Old Man,OilPaintCanvas,679,883,1878,Other,4
255,"Romiti, Sergio",Composition,OilPaintCanvas,648,695,1960,Other,5
256,"Errazuriz, Paz",Adams Apple,Photograph,459,295,1983,Other,1
257,"Dobson, William Charles Thomas",The Child Jesus Going Down with His Parents to Nazareth,OilPaintCanvas,900,1090,1856,Other,2
258,"Anderson, Hurvin",Jersey,OilPaintCanvas,2083,2503,2008,UK,3
259,"Gross, Anthony",La Route de Ste Livrade,OilPaintCanvas,645,495,1932,UK,4
260,"Moore, Albert",A Sleeping Girl,OilPaintCanvas,225,308,1875,UK,5
261,"Gulich, John",A Violin Concerto,Watercolor,711,889,1898,Other,1
262,"Rousseau, Henri",Bouquet of Flowers,OilPaintCanvas,495,610,1909,Other,2
263,"Permeke, Constant",Harvest,OilPaintCanvas,1648,1280,1924,Other,3
264,"Tibble, Geoffrey",Demolition of Verlaines House,OilPaintCanvas,711,914,1938,UK,4
265,"Langlois, Denis",Untitled,Screenprint,521,673,1971,Other,5
266,"Hart, James Turpin",A Rustic Timepiece,OilPaintCanvas,432,533,1856,UK,1
267,"Wiseman, Albany",The Phoenician,Lithograph,403,584,1975,UK,2
268,"Colman, Samuel",The Death of Amelia,OilPaintCanvas,756,629,1804,Other,3
269,"Mann, Harrington",The Fairy Tale,OilPaintCanvas,1416,1022,1902,UK,4
270,"Monro, Nicholas",Estuary,Screenprint,975,705,1982,UK,5
271,"La Dell, Edwin",The Tower of London,Lithograph,763,496,1946,UK,1
272,"Gotlib, Henryk",Rembrandt in Heaven,OilPaintCanvas,1632,1333,1948,Other,2
273,"Monet, Claude",The Seine at Port-Villez,OilPaintCanvas,1003,654,1894,Other,3
274,"Appel, Karel","Hip, Hip, Hoorah!",OilPaintCanvas,1270,817,1949,Other,4
275,"Gray, Douglas S.",Rosalind,OilPaintCanvas,927,1295,1924,UK,5
276,"Knight, Harold",A Student,OilPaintCanvas,508,610,1938,UK,1
277,"Shannon, Charles",The Rebirth of the Arts,Lithograph,489,743,1917,UK,2
278,"Corker, Douglas",Untitled,Screenprint,483,648,1979,UK,3
279,"Bo, Hou",Chairman Mao Zedong at Beidaihe Hebei Provence,Photograph,235,300,1954,Other,4
280,"Scarfe, Laurence",Quatrefoil Garden,Lithograph,416,610,1966,Other,5
281,"Jack, Richard",Rehearsal with Nikisch,OilPaintCanvas,2140,1524,1912,UK,1
282,French School 18th century,Apollo,OilPaintCanvas,1168,899,1720,Other,2
283,"Monro, Henry",The Disgrace of Wolsey,OilPaintCanvas,1225,1910,1814,UK,3
284,International Local (Sarah Charlesworth; Joseph Kosuth; Anthony McCall),Where Are You Standing?,Lithograph,991,1400,1976,Other,4
285,"Cordell, Magda",No. 12,OilPaintCanvas,1016,1524,1960,Other,5
286,"Makowski, Kazimierz",Defence of the Environment,Lithograph,766,482,1983,Other,1
287,"Olsson, Julius",Moonlit Shore,OilPaintCanvas,1537,1175,1911,UK,2
288,"Ginger, Phyllis",Town Centre,Lithograph,762,495,1946,UK,3
289,"Uklanski, Piotr",[no title],Lithograph,210,260,2000,Other,4
290,"Bauer, Marius",Strasbourg Cathedral,Watercolor,521,689,1891,Other,5
291,"Caro, Antonio",Colombia,Screenprint,600,400,1977,Other,1
292,"Scott, Campbell",Untitled,Lithograph,581,794,1969,Other,2
293,"Calthrop, Claude",Meeting of Scottish Jacobites,OilPaintCanvas,1270,889,1878,Other,3
294,"Mead, Dorothy",Chessboard,OilPaintCanvas,640,760,1958,UK,4
295,"Smythe, Lionel Percy",Germinal,Watercolor,445,584,1889,UK,5
296,"Feiler, Jo",Nude in between Two Beds,Photograph,195,125,1975,US,1
297,"Fuchs, Emil",Sir Joseph Duveen,OilPaintCanvas,1060,1676,1903,Other,2
298,"Roy, Pierre","Boris Anrep in his Studio, 65 Boulevard Arago",OilPaintCanvas,501,653,1949,Other,3
299,"Waller, Samuel",Sweethearts and Wives,OilPaintCanvas,2019,1448,1882,UK,4
300,"Doughty, William",Caricature Group,OilPaintCanvas,1041,775,1780,UK,5
301,"Potter, Mary","The Window, Chiswick",OilPaintCanvas,552,764,1929,UK,1
302,"Hudson, Thomas",Mrs Sarah Ingram,OilPaintCanvas,1016,1270,1750,UK,2
303,"Goeneutte, Norbert",The Boulevard de Clichy under Snow,OilPaintCanvas,733,600,1876,Other,3
304,"Pollock, Jackson",Birth,OilPaintCanvas,551,1164,1941,US,4
305,"Ridley, Matthew White",The Pool of London,OilPaintCanvas,914,648,1862,UK,5
306,"Munnings, Sir Alfred",Their Majesties Return from Ascot,OilPaintCanvas,2445,1480,1925,Other,1
307,"Davis, Henry William Banks",Approaching Night,OilPaintCanvas,914,559,1899,UK,2
308,"Egg, Augustus Leopold","Past and Present, No. 3",OilPaintCanvas,762,635,1858,UK,3
309,"Wood, Craig","Safeways Gel Air Freshener, Alpine Garden (Detail)",Screenprint,861,662,1992,UK,4
310,Brassai,"The Urchin Bijou, Bar de la Lune",Photograph,240,320,1932,Other,5
311,"Lane, Abigail",Dinomouse Sequel Mutant X,Screenprint,882,569,1997,UK,1
312,"Brandt, Bill",Porter at Billingsgate Market,Photograph,288,343,1934,Other,2
313,"Boxall, Sir William",Geraldine,OilPaintCanvas,838,1156,1850,UK,3
314,"Sander, Ludwig",Three Blues,Lithograph,464,410,1966,Other,4
315,"MacWhirter, John",June in the Austrian Tyrol,OilPaintCanvas,1871,1260,1892,UK,5
316,"Magritte, Ren",The Annunciation,OilPaintCanvas,1459,1137,1930,Other,1
317,"Ayrton, Michael",Portrait of Wyndham Lewis,OilPaintCanvas,1000,805,1955,UK,2
318,"Weston, Edward",Shells,Photograph,180,238,1927,US,3
319,"Sutherland, Graham, OM",Standing Forms II,OilPaintCanvas,1410,1800,1952,UK,4
320,"Clark, Joseph",Early Promise,OilPaintCanvas,634,780,1877,UK,5
321,"Zack, Leon",Painting,OilPaintCanvas,1305,975,1952,Other,1
322,"Biermann, Aenne",Ceramic Cup,Photograph,170,125,1929,Other,2
323,"Beare, George","Portrait of a Gentleman, possibly Hugh Marriott",OilPaintCanvas,632,759,1746,Other,3
324,"Moholy-Nagy, Lszl",K VII,OilPaintCanvas,1359,1153,1922,Other,4
325,"Blanche, Jacques-Emile","August Morning, Dieppe Beach",OilPaintCanvas,603,730,1934,Other,5
326,"Macallum, Hamilton",A Capri Boy,Watercolor,445,343,1883,UK,1
327,"Butler, Elizabeth",The Remnants of an Army,OilPaintCanvas,2337,1321,1879,Other,2
328,"Wyllie, William Lionel",The Battle of the Nile,OilPaintCanvas,2743,1524,1899,UK,3
329,"Daglish, Peter",To Paris,Lithograph,660,505,1969,UK,4
330,"O'Conor, Roderic",Landscape,OilPaintCanvas,924,679,1895,Other,5
331,"Friedlander, Lee","Jersey City, New Jersey",Photograph,285,190,1963,US,1
332,"Mitidieri, Dario","Woman, Ethiopia",Photograph,375,255,1991,Other,2
333,"Swynnerton, Annie Louisa",Miss Elizabeth Williamson on a Pony,OilPaintCanvas,1312,1682,1906,UK,3
334,"Monamy, Peter",Ships in Distress in a Storm,OilPaintCanvas,1064,765,1720,Other,4
335,"Rennell, Lady Mary",Welsh Landscape,Lithograph,368,765,1973,Other,5
336,"Crippa, Roberto",Aurora Borealis,OilPaintCanvas,702,600,1952,Other,1
337,"Ginner, Charles","La Vieille Balayeuse, Dieppe",OilPaintCanvas,470,630,1913,Other,2
338,"Holmes, Sir Charles John",Whernside,OilPaintCanvas,762,686,1917,UK,3
339,"George, Patrick","Hickbush, the Grove I",OilPaintCanvas,1270,530,1975,UK,4
340,"Brett, John",Florence from Bellosguardo,OilPaintCanvas,1013,600,1863,UK,5
341,"Mackinnon, Sine",Farm Buildings in Provence,OilPaintCanvas,410,270,1934,UK,1
342,"Ginesi, Edna",Everglades,OilPaintCanvas,1270,1015,1964,UK,2
343,"Dunoyer de Segonzac, Andr",Still Life with a Cabbage,OilPaintCanvas,921,730,1919,Other,3
344,"Wright, John Michael",Portrait of Mrs Salesbury with her Grandchildren Edward and Elizabeth Bagot,OilPaintCanvas,1336,1295,1675,UK,4
345,"Knight, Dame Laura",The Gypsy,OilPaintCanvas,406,610,1939,UK,5
346,"Kippenberger, Martin",Cologne Manifesto,Lithograph,1001,349,1985,Other,1
347,"Copley, John Singleton",Portrait of Mrs Gill,OilPaintCanvas,1022,1280,1770,US,2
348,"Clav, Antoni",Child with a Water-Melon,OilPaintCanvas,457,549,1947,Other,3
349,"Campbell, James",The Lollipop,OilPaintCanvas,300,350,1855,UK,4
350,"Graham, Peter",A Rainy Day,OilPaintCanvas,1803,1168,1871,UK,5
351,"Devas, Anthony",Mrs Dylan Thomas,OilPaintCanvas,635,762,1942,UK,1
352,"Porter, Stephen",Untitled,Screenprint,533,737,1968,Other,2
353,"Challenger, Michael",Rememory,Screenprint,210,330,1975,UK,3
354,"Plowman, Chris",Clues,Screenprint,695,508,1978,UK,4
355,"Jorn, Asger",Letter to my Son,OilPaintCanvas,1955,1300,1956,Other,5
356,"Andreenko, Michel",Constructivist Space,OilPaintCanvas,384,485,1922,Other,1
357,"Le Sidaner, Henri",Moonlight at Gerberoy,OilPaintCanvas,813,654,1904,Other,2
358,"Mellors, Nathaniel",Time Surgeon Performers Mask,Lithograph,242,320,2007,UK,3
359,"Gibbs, Evelyn",Santu Pietru,Lithograph,670,505,1977,UK,4
360,"Morandi, Giorgio",Still Life,OilPaintCanvas,280,248,1960,Other,5
361,"Rosenberg, Isaac",Self-Portrait,OilPaintCanvas,387,495,1911,UK,1
362,"Avery, Milton",Yellow Sky,OilPaintCanvas,1841,1562,1958,US,2
363,"Soutine, Cham",Cagnes Landscape with Tree,OilPaintCanvas,727,600,1925,Other,3
364,"Brown, Frederick",The Ivy Arch,OilPaintCanvas,610,457,1933,UK,4
365,"Atwood, Clare",John Gielguds Room,OilPaintCanvas,762,629,1933,UK,5
366,"Wood, Christopher",Zebra and Parachute,OilPaintCanvas,559,457,1930,UK,1
367,"Pringle, John Quinton",Bosham,Watercolor,337,289,1903,UK,2
368,"Shannon, Sir James Jebusa",Madame Patey,OilPaintCanvas,889,1275,1884,US,3
369,"Weight, Carel",LAprs-midi dune ouvrire,OilPaintCanvas,559,464,1935,UK,4
370,"Copley, William N.",Place de lOpra,OilPaintCanvas,810,1159,1956,US,5
371,"Hennell, Thomas","Slipway, Reykjavik Harbour. August 12, 1943",Watercolor,635,479,1943,UK,1
372,"Hirata, Minoru","Collective Kumos Street Happening at the Tenjin Intersection of Fukuoka, February 26,1970",Photograph,222,335,1970,Other,2
373,"Walton, Henry",A Girl Buying a Ballad,OilPaintCanvas,717,921,1778,UK,3
374,"Law, Bob",Untitled 1.5.87,Watercolor,750,566,1987,UK,4
375,"Gow, Mary",Marie-Antoinette,Watercolor,1333,775,1908,UK,5
376,"Friend, Ian",Three Sculptural Images,Lithograph,775,488,1984,UK,1
377,"Korner, John",Star Flower,Screenprint,410,305,1967,Other,2
378,"Town, Harold","Tyranny of the Corner, Persian Set",OilPaintCanvas,1626,2038,1962,Other,3
379,"Matschinsky-Denninghof, Brigitte",Untitled B,Lithograph,768,559,1964,Other,4
380,"Cowie, James",An Outdoor School of Painting,OilPaintCanvas,1651,864,1938,UK,5
381,"Wong, Judy",Four Figures,Lithograph,698,1000,1978,Other,1
382,"Wissing, Willem",Portrait of Henrietta and Mary Hyde,OilPaintCanvas,1120,1530,1683,Other,2
383,"Fisher, Mark",Snow Scene,OilPaintCanvas,660,457,1894,US,3
384,"Taylor, Leonard Campbell",The Rehearsal,OilPaintCanvas,3060,2145,1907,UK,4
385,"Macdonald, Georgina",Dead Bird,Watercolor,178,99,1857,Other,5
386,"Verelst, Harman","Portrait of a lady, thought to be Dionesse Cullum, wife of Robert Colman",OilPaintCanvas,630,750,1685,Other,1
387,"Gauld, Peter","The Pantiles, Tunbridge Wells",Lithograph,537,479,1974,Other,2
388,"Ledger, Janet",Play Street,Lithograph,406,286,1976,UK,3
389,"Glendening, Alfred",Haymaking,Watercolor,914,597,1898,UK,4
390,"Knight, Charles Parsons",The Kyles of Bute,OilPaintCanvas,1105,622,1893,Other,5
391,"Chandler, J.W.",William Godwin,OilPaintCanvas,622,749,1798,Other,1
392,"Clemente, Jack",Volcanic City,OilPaintCanvas,889,1457,1957,Other,2
393,"Bridell, Frederick Lee","The Woods of Sweet Chestnut above Varenna, Lake Como",OilPaintCanvas,1505,559,1860,UK,3
394,"Unwin, Marianne",The Woodyard,Lithograph,571,445,1976,UK,4
395,"Morris, Michael",Screen Test,Screenprint,479,324,1967,UK,5
396,"Mirea, Joan",Transylvanian Nude,Lithograph,381,556,1966,Other,1
397,"Procter, Ernest",The Zodiac,OilPaintCanvas,1676,1524,1925,UK,2
398,"Bacon, John Henry F.",Michael Lewis Myers,OilPaintCanvas,832,702,1906,UK,3
399,"Peploe, Samuel John",Tulips,OilPaintCanvas,508,610,1923,UK,4
400,"Clarke Hall, Lady Edna",Still Life of a Basket on a Chair,OilPaintCanvas,406,558,1900,UK,5
401,"Daws, Lawrence",Pacific Eye,Screenprint,613,610,1972,Other,1
402,"Christie, John",Homage to Ursonate,Screenprint,466,245,1981,Other,2
403,"Ladbrooke, Robert",Wood Scene,OilPaintCanvas,743,600,1806,UK,3
404,"Benrath, Frdric",Untitled,Lithograph,293,428,1956,Other,4
405,"Bennett, William",In Richmond Park,Watercolor,546,368,1852,Other,5
406,"Poliakoff, Serge",Abstract Composition,OilPaintCanvas,889,1159,1954,Other,1
407,"Lewis, A. Neville","Charlie, a Little Gipsy Boy",OilPaintCanvas,254,356,1923,Other,2
408,"Guthrie, Robin",Sermon on the Mount,OilPaintCanvas,1840,2450,1922,UK,3
409,"Jones, Gareth",Diamond,Lithograph,210,260,1999,UK,4
410,"Douglas, Sir William Fettes",Bibliomania,OilPaintCanvas,1295,889,1852,UK,5
411,"John, Richard Johnny",Three Friendly Warnings,Lithograph,83,119,1973,Other,1
412,"Chase, William",The Keynote,OilPaintCanvas,405,506,1915,Other,2
413,"Siddal, Elizabeth Eleanor",Sir Patrick Spens,Watercolor,229,241,1856,UK,3
414,"Landseer, Charles",The Plundering of Basing House,OilPaintCanvas,1257,1003,1836,Other,4
415,"Lam, Wifredo",[no title],Lithograph,546,749,1975,Other,5
416,"Small, William",The Last Match,OilPaintCanvas,1003,1308,1887,UK,1
417,"Amiet, Cuno",Landscape from the Jura Mountains,Watercolor,298,251,1924,Other,2
418,"Draper, Herbert",The Lament for Icarus,OilPaintCanvas,1556,1829,1898,UK,3
419,"Cook, Richard","Lelant, November 1998",OilPaintCanvas,1979,1527,1998,UK,4
420,"Woodward, Thomas",Horses Surprised by Wolves,OilPaintCanvas,1372,733,1842,Other,5
421,"Morison, Colin",Andromache Offering Sacrifice to Hectors Shade,OilPaintCanvas,760,615,1760,UK,1
422,"Dicksee, Sir Frank",The Two Crowns,OilPaintCanvas,1823,2311,1900,UK,2
423,"Herring, John Frederick",The Hunting Stud,OilPaintCanvas,708,454,1845,UK,3
424,"Williams, Aubrey",Tribal Mark,OilPaintCanvas,1020,760,1961,Other,4
425,"Barclay, Claire",Untitled,Screenprint,420,595,2010,UK,5
426,"Jemec, Andrej",Escalation towards Light,Screenprint,600,597,1974,Other,1
427,"Toledano, Edward",Single Image,Lithograph,641,502,1977,US,2
428,"Colla, Ettore",Screenprint,Screenprint,502,352,1953,Other,3
429,"Macbeth, Robert Walker",The Cast Shoe,OilPaintCanvas,1372,832,1890,UK,4
430,"Buhler, Robert",Barnett Freedman,OilPaintCanvas,635,762,1947,UK,5
431,"Ciardi, Emma",Diaphanous Day,OilPaintCanvas,807,603,1924,Other,1
432,"Strudwick, John Melhuish",A Golden Thread,OilPaintCanvas,425,724,1885,UK,2
433,"Montpetit, Guy",The Flying Man,Lithograph,559,756,1971,Other,3
434,"Millet, Francis Davis",Between Two Fires,OilPaintCanvas,914,740,1892,US,4
435,"Morisot, Berthe",Girl on a Divan,OilPaintCanvas,502,610,1885,Other,5
436,"Mintchine, Abraham",Portrait of the Artist as a Harlequin,OilPaintCanvas,502,730,1931,Other,1
437,"Schulz-Dornburg, Ursula","From Medina to Jordan Border, Saudi Arabia",Photograph,334,257,2003,Other,2
438,"Dentith, Henry",Still Life,Lithograph,514,702,1970,UK,3
439,"Farquharson, Joseph",The Joyless Winter Day,OilPaintCanvas,1803,1041,1883,UK,4
440,"Patrick, J. McIntosh",Winter in Angus,OilPaintCanvas,1016,756,1935,UK,5
441,"Adler, Jankel",The Mutilated,OilPaintCanvas,1118,864,1942,Other,1
442,"Hartrick, Archibald Standish",Womens Work: On Munitions - Heavy Work (Drilling and Casting),Lithograph,357,461,1917,Other,2
443,"Chandra, Avinash",Hills of Gold,OilPaintCanvas,2413,1016,1964,Other,3
444,"Gray, Ronald",My Mother,OilPaintCanvas,610,737,1908,UK,4
445,"Nevinson, Christopher Richard Wynne",The Soul of the Soulless City (New York - an Abstraction),OilPaintCanvas,608,915,1920,UK,5
446,"Craig, Frank",The Heretic,OilPaintCanvas,1473,817,1906,UK,1
447,"Shemza, Anwar Jalal",Meem Two,OilPaintCanvas,915,915,1967,Other,2
448,"Rooke, Thomas Matthews","Naomi, Ruth and Obed",OilPaintCanvas,394,660,1876,UK,3
449,"Organ, Bryan",Four Birds,Lithograph,486,660,1977,UK,4
450,"Collinson, James",Home Again,OilPaintCanvas,1155,827,1856,UK,5
451,"Schwabe, Randolph","The Radcliffe Observatory, Oxford",Watercolor,387,565,1942,UK,1
452,"Kennington, Eric",Making Soldiers: Bringing In Prisoners,Lithograph,362,457,1917,UK,2
453,"Callahan, Harry","Weed Against Sky, Detroit",Photograph,200,251,1948,US,3
454,"Butler, Mildred Anne",Morning Bath,Watercolor,521,711,1896,Other,4
455,"Cradock, Marmaduke",A Peacock and Other Birds in a Landscape,OilPaintCanvas,632,761,1700,UK,5
456,"Solomon, Solomon J.",A Family Group: The Artists Wife and Children: Papa Painting!,OilPaintCanvas,1753,1613,1905,UK,1
457,"Moffatt, Tracey",[no title],Lithograph,760,615,1997,Other,2
458,"Callery, Simon",Archive,OilPaintCanvas,3600,2540,1996,UK,3
459,"Khakhar, Bhupen",You Cant Please All,OilPaintCanvas,1756,1756,1981,Other,4
460,"Soldi, Andrea","Portrait of Henry Lannoy Hunter in Oriental Dress, Resting from Hunting, with a Manservant Holding Game",OilPaintCanvas,1460,1185,1733,Other,5
461,"Shepperson, Claude",Convalescence in England,Lithograph,473,374,1917,UK,1
462,"Frenkel, Vera",Poem for Albert,Lithograph,235,533,1971,Other,2
463,"Kitadai, Shozo",Composition for APN,Photograph,110,160,1953,Other,3
464,"Hornel, Edward Atkinson",Autumn,OilPaintCanvas,1022,1168,1904,Other,4
465,"Dufy, Raoul",The Kessler Family on Horseback,OilPaintCanvas,2673,2195,1932,Other,5
466,"Lion, Flora",My Mother,OilPaintCanvas,1150,1276,1909,UK,1
467,"Gentleman, David",Gordale Scar,Lithograph,510,400,1978,UK,2
468,"Seddon, Thomas",The Mountains of Moab,Watercolor,352,251,1854,UK,3
469,"Percy, Sidney Richard",In Snowdonia,OilPaintCanvas,789,552,1853,Other,4
470,"Knight, Joseph",A Tidal River,OilPaintCanvas,1245,851,1877,Other,5
471,"Becker, Harald",Man and Dog,Screenprint,502,629,1973,Other,1
472,"Dunbar, Evelyn",A Land Girl and the Bail Bull,OilPaintCanvas,1829,914,1945,UK,2
473,"Kanovitz, Howard",English Fridge,Screenprint,889,613,1969,US,3
474,"Cuixart, Modestos",Untitled,Lithograph,241,222,1977,Other,4
475,"Wylie, Rose",Pin Up and Porn Queen Jigsaw,OilPaintCanvas,3660,3660,2005,UK,5
476,"Herring, Ed",Tie-Up,Photograph,170,245,1969,UK,1
477,"Frg, Gnther","The 28 October Childrens Holiday Camp, Marina di Massa",Photograph,1200,1800,1986,Other,2
478,"Maccoll, Dugald Sutherland",Crock and Cottage Loaf No. 2,OilPaintCanvas,279,356,1931,UK,3
479,"Hunter, Colin",Their Only Harvest,OilPaintCanvas,1822,1054,1879,UK,4
480,"Crutchfield, William",Cubie Smoke,Lithograph,1200,940,1978,US,5
481,"Denny, Robyn",Glass I. From Here,OilPaintCanvas,5182,2743,1971,UK,1
482,"Russell, Sir Walter",Carting Sand,OilPaintCanvas,1118,864,1910,UK,2
483,"Gilpin, Sawrey",Broodmares and Colts in a Landscape,OilPaintCanvas,749,629,1783,UK,3
484,"Hitchens, Ivon",Interior of a Wood,OilPaintCanvas,765,510,1934,UK,4
485,"Sillman, Amy",CLUBFOOT,OilPaintCanvas,2140,2310,2011,US,5
486,"Olivier, Herbert A.",Mrs Edwin Bale,OilPaintCanvas,610,508,1900,UK,1
487,"Brook, Peter",DECEMBER Sheep Coming In,Lithograph,711,511,1976,UK,2
488,"Carlisle, George Howard, Ninth Earl of","View from the Front of St John Lateran, Rome",Watercolor,737,533,1870,UK,3
489,"Coppola, Horacio",Egg and Twine,Photograph,282,235,1932,Other,4
490,"Hubert, Edgar",Painting,OilPaintCanvas,635,762,1935,UK,5
491,"Roboz, Zsuzsi",Rehearsal at Donmar Studios,Lithograph,479,381,1977,Other,1
492,"Henderson, Charles Cooper",Mail Coach in a Snowstorm,OilPaintCanvas,765,454,1835,UK,2
493,"Gilman, Harold",Nude at a Window,OilPaintCanvas,508,610,1912,UK,3
494,"Melland, Sylvia",Still Life with an Open Window,OilPaintCanvas,685,763,1931,UK,4
495,"Leaman, Jonathan",A Jan Steen Kitchen,OilPaintCanvas,1705,1235,1995,UK,5
496,"Barker, Margaret",Any Morning,OilPaintCanvas,914,622,1929,UK,1
497,"Cordery, Don",Goshawk,Lithograph,394,502,1977,UK,2
498,"Aldridge, John",Head and Fruit,OilPaintCanvas,813,660,1930,UK,3
499,"Zuloaga, Ignacio",View of the Escorial,OilPaintCanvas,406,292,1905,Other,4
500,"Dighton, William Edward",Jerusalem,Watercolor,756,429,1852,Other,5
501,"Celmins, Vija",Desert,Lithograph,416,315,1975,Other,1
502,"Stott of Oldham, William",Girl in a Meadow,OilPaintCanvas,578,718,1880,UK,2
503,"Linke, Simon",Remembering Marcel 1987,OilPaintCanvas,914,914,1988,Other,3
504,"Sterne, Hedda","NY, NY No. X",OilPaintCanvas,1155,810,1948,Other,4
505,"Laabs, Hans",Untitled,Screenprint,79,79,1971,Other,5
506,"Grosz, George",Suicide,OilPaintCanvas,775,1000,1916,Other,1
507,"Michell, Keith",Metamorphosis,Lithograph,765,603,1973,Other,2
508,"Thornton, Valerie",Bominaco (The Abruzzi),OilPaintCanvas,1372,917,1988,UK,3
509,"Zhang, Enli",Bucket 8,OilPaintCanvas,994,995,2007,Other,4
510,"Stamos, Theodorus",Spartan Sun Box I,Screenprint,657,606,1971,US,5
511,"Vieira da Silva, Maria Helena",Paris,OilPaintCanvas,457,327,1951,Other,1
512,"Pine, Robert Edge","Still Life with Palette and Brushes, Fruit and Flowers",OilPaintCanvas,617,452,1760,UK,2
513,"Oliver, Madge",Le Coin de lAtelier,OilPaintCanvas,368,425,1920,Other,3
514,Ert,Topaz,Lithograph,500,648,1969,Other,4
515,"Couderc, Gabriel",Cargo Ship in Ste,Lithograph,692,438,1947,Other,5
516,"Cohen, Lynne",Alpine Club before a Party,Photograph,240,192,1974,US,1
517,"Ardon, Mordecai","Missa Dura: The Knight, Crystal Night, House No. 5",OilPaintCanvas,520,195,1958,Other,2
518,"Hayman, Francis","Samuel Richardson, the Novelist (1684-1761), Seated, Surrounded by his Second Family",OilPaintCanvas,1252,995,1740,Other,3
519,"Dorazio, Piero",Very Sharp,OilPaintCanvas,2349,1556,1965,Other,4
520,"Potworowski, Peter",Forest (Cornwall),OilPaintCanvas,764,641,1954,Other,5
521,"Edwards, Edwin",The Thames from a Wharf at Waterloo Bridge,OilPaintCanvas,1448,654,1866,UK,1
522,"Benois, Alexander",Limburg on the Lahn,Watercolor,260,359,1894,Other,2
523,"Suschitzky, Peter",LA,Photograph,395,295,1995,UK,3
524,"Davie, Alan",Village Myths No. 36,OilPaintCanvas,1730,2135,1983,UK,4
525,"Delaunay, Sonia",Triptych,OilPaintCanvas,2000,997,1963,Other,5
526,Constant,"After Us, Liberty",OilPaintCanvas,1066,1395,1949,Other,1
527,"Gruber, Francis",Job,OilPaintCanvas,1299,1619,1944,Other,2
528,"Lalic, Maria",History Painting 42 C20th. Winsor Yellow,OilPaintCanvas,600,600,1995,UK,3
529,"Sargent, John Singer",Mrs Carl Meyer and her Children,OilPaintCanvas,1340,2014,1896,Other,4
530,"Velde, Bram van",[no title],Lithograph,225,292,1975,Other,5
531,"Hemy, Charles Napier",Evening Grey,OilPaintCanvas,914,571,1866,UK,1
532,"Bough, Samuel","Holmwood, Dorking",OilPaintCanvas,469,309,1856,UK,2
533,"Frampton, Edward Reginald",Brittany: 1914,OilPaintCanvas,926,768,1920,UK,3
534,"Still, Clyfford",1953,OilPaintCanvas,1740,2359,1953,US,4
535,"Beard, John",[no title],Screenprint,753,750,1998,UK,5
536,Le Corbusier,Bull III,OilPaintCanvas,1137,1619,1953,Other,1
537,"Goncharova, Natalya",Country by Day,OilPaintCanvas,240,160,1911,Other,2
538,"Speed, Harold","The Alcantara, Toledo, by Moonlight",OilPaintCanvas,914,635,1894,UK,3
539,"Young-Hunter, John",My Ladys Garden,OilPaintCanvas,1822,1067,1899,UK,4
540,"Merritt, Anna Lea",Love Locked Out,OilPaintCanvas,641,1156,1890,US,5
541,"Orr, Chris",Farm,Lithograph,854,645,1975,UK,1
542,"Swanson, John",The Carousel,Screenprint,791,679,1975,US,2
543,"Anuszkiewicz, Richard",Untitled,Screenprint,619,619,1965,US,3
544,"King, Scott","Joy Division, The Moonlight Club, 4 April 1980, West Hampstead, London, England",Lithograph,210,260,2000,UK,4
545,"Marcoussis, Louis",Interior with a Double Bass,OilPaintCanvas,606,495,1929,Other,5
546,"Downard, Ebenezer Newman","A Mountain Path at Capel Curig, Wales",OilPaintCanvas,502,352,1860,UK,1
547,"Camp, Jeffery",Southcoast,OilPaintCanvas,2745,1525,1990,UK,2
548,"Howard, Henry",The Florentine Girl (The Artists Daughter),OilPaintCanvas,610,965,1827,UK,3
549,"McKenna, Stephen",Large Studio at Castiglion,OilPaintCanvas,1601,1202,1993,UK,4
550,"Klein, Jochen",Untitled,Lithograph,260,210,1996,Other,5
551,"Marin, John","Downtown, New York",Watercolor,552,679,1923,US,1
552,"Smith, Gordon",Special Green,Screenprint,511,381,1967,UK,2
553,"Masi, Denis",Project Print,Screenprint,508,762,1973,US,3
554,"Jackson, F. Ernest",United Defence Against Aggression,Lithograph,438,632,1917,UK,4
555,"Uglow, Euan",Zagi,OilPaintCanvas,1070,1500,1981,UK,5
556,"Tworkov, Jack",KTL #1,Lithograph,612,611,1982,Other,1
557,"Hayes, Edwin","Sunset at Sea: From Harlyn Bay, Cornwall",OilPaintCanvas,1272,1012,1894,UK,2
558,"Coates, George",The Childrens Orchestra,OilPaintCanvas,908,813,1903,Other,3
559,"Adshead, Mary",The Cruise,OilPaintCanvas,1822,1420,1934,UK,4
560,"Tuttle, Richard",Sunday,Lithograph,357,460,2003,US,5
561,"Amuchastegui, Axel",Ocelot Head,Lithograph,406,518,1968,Other,1
562,"Komura, Kiyohiko",Untitled,Photograph,400,400,1950,Other,2
563,"Le Brocquy, Louis",Image of James Joyce,OilPaintCanvas,704,703,1977,Other,3
564,"Elwell, Frederick W.",The Beverley Arms Kitchen,OilPaintCanvas,1022,1283,1919,UK,4
565,"Dunlop, Ronald Ossory",Myself with Cadgers Pipe,OilPaintCanvas,502,610,1950,UK,5
566,"Morland, Henry Robert",A Girl Singing Ballads by a Paper Lanthorn,OilPaintCanvas,622,756,1765,Other,1
567,"Mariani, Carlo Maria",Offspring of Helios,Lithograph,870,622,1982,Other,2
568,"Manson, James Bolivar",Pinks in a Vase,OilPaintCanvas,406,508,1940,UK,3
569,"Beeton, Alan",Decomposing,OilPaintCanvas,394,343,1929,UK,4
570,"Parton, Ernest",The Waning of the Year,OilPaintCanvas,1308,1816,1879,Other,5
571,"Denis, Dominic",Untitled,Screenprint,687,598,1992,UK,1
572,"Grimshaw, Atkinson","Bowder Stone, Borrowdale",OilPaintCanvas,536,400,1863,UK,2
573,"Cartier-Bresson, Henri",Interior with Marilyn Monroe,Photograph,355,235,1960,Other,3
574,"Mason, George",The Harvest Moon,OilPaintCanvas,2311,864,1872,UK,4
575,"Lamb, Lynton",Winter Landscape,Lithograph,479,330,1962,Other,5
576,"Simmons, Rosemary",Phoebus,Lithograph,692,540,1965,Other,1
577,"Onslow-Ford, Gordon",A Present for the Past,OilPaintCanvas,1213,1013,1942,UK,2
578,"Ruwedel, Mark",Crater #9,Photograph,330,255,1999,US,3
579,"Frank, Robert","Studio, Mabou",Photograph,499,389,2002,Other,4
580,"Renger-Patzsch, Albert","Hamburg, St Nicholass Church",Photograph,168,227,1929,Other,5
581,"Kitaj, R.B.",Los Angeles No. 25 (Black Pool),OilPaintCanvas,920,920,2003,US,1
582,"Ferguson, William Gow",Still Life,OilPaintCanvas,540,654,1684,UK,2
583,"Dunstan, Bernard",Albergo Stella,Lithograph,298,318,1978,UK,3
584,"Pirie, Sir George",Mother Duck,OilPaintCanvas,610,457,1932,UK,4
585,"Cooke, Edward William","Boat, near Venice",OilPaintCanvas,400,279,1858,UK,5
586,"De Maistre, Roy",Marriage,OilPaintCanvas,1143,1524,1936,Other,1
587,"Corinth, Lovis",Magdalen with Pearls in her Hair,OilPaintCanvas,476,715,1919,Other,2
588,"Lambert, James",Landscape,OilPaintCanvas,1121,867,1769,UK,3
589,"Allinson, Adrian",Ibizan Waterfront,OilPaintCanvas,813,664,1933,UK,4
590,"Murphy, Myles",Figure with Yellow Foreground,OilPaintCanvas,2453,1520,1974,UK,5
591,"Stott, Edward",Changing Pastures,OilPaintCanvas,876,705,1893,Other,1
592,"Knights, Winifred",The Deluge,OilPaintCanvas,1835,1529,1920,UK,2
593,"Anquetin, Louis",Two Studies for The Three Graces,OilPaintCanvas,768,616,1899,Other,3
594,"Nellens, Roger",Machine IV,Screenprint,413,726,1972,Other,4
595,"Hill, John","Interior of the Carpenters Shop at Forty Hill, Enfield",OilPaintCanvas,688,470,1813,UK,5
596,"Phillips, Patrick",Mrs Carter Gifford,OilPaintCanvas,719,914,1947,Other,1
597,Guerrilla Girls,[no title],Screenprint,560,430,1985,Other,2
598,"Pitchforth, Roland Vivian","Wet Windscreen, Ramsgate Harbour",Watercolor,625,477,1971,UK,3
599,"Nechamkin, Sarah",Landscape,Lithograph,283,391,1960,Other,4
600,"Pulham, Peter Rose","LHtel Sully, Courtyard with Figures",OilPaintCanvas,1685,1398,1944,UK,5
601,"Van Leyden, Ernst",Girl with Clasped Hands,OilPaintCanvas,603,727,1931,Other,1
602,"Rutherston, Albert","The Pump, Nash End",OilPaintCanvas,508,406,1931,UK,2
603,"Jones, Barbara","Pineapple House, Stirling",Lithograph,476,629,1971,UK,3
604,"Redon, Odilon",Profile of a Woman with a Vase of Flowers,OilPaintCanvas,505,655,1895,Other,4
605,"Rouault, Georges",The Italian Woman,OilPaintCanvas,498,651,1938,Other,5
606,"Maclaren, Donald",D.S. MacColl,OilPaintCanvas,340,536,1906,UK,1
607,"Fini, Leonor",Little Hermit Sphinx,OilPaintCanvas,244,411,1948,Other,2
608,"Czanne, Paul",The Avenue at the Jas de Bouffan,OilPaintCanvas,460,381,1874,Other,3
609,"Windus, William Lindsay","Mrs Teed, the Artists Daughter",OilPaintCanvas,457,546,1880,UK,4
610,"Ayot, Pierre",... and Chewing Gum,Lithograph,483,705,1971,Other,5
611,"Bill, Simon",Fairy Face,Screenprint,303,361,2008,UK,1
612,"Tompkins, Hayley",No Title,Watercolor,208,292,2011,UK,2
613,"Miller, Harland",International Lonely Guy,Lithograph,141,192,2008,UK,3
614,"Gertler, Mark",Merry-Go-Round,OilPaintCanvas,1422,1892,1916,UK,4
615,"Hurlstone, Frederick Yeates",Sancho Panza Attended by his State Physician,OilPaintCanvas,1340,1092,1868,UK,5
616,"Wyatt, Henry",Archimedes,OilPaintCanvas,625,759,1832,Other,1
617,"Lely, Sir Peter",Man Playing a Pipe,OilPaintCanvas,1055,1428,1648,Other,2
618,"Craxton, John",Cretan Portrait,OilPaintCanvas,307,360,1948,UK,3
619,"Frlaut, Jean",Wedding Feast in Brittany,OilPaintCanvas,1308,895,1908,Other,4
620,"Carline, Richard",Sea Shore,OilPaintCanvas,562,940,1920,UK,5
621,"Markson, Helena",Tower of London,Lithograph,565,435,1968,UK,1
622,"Kelly, Ellsworth",Orange Relief with Green,OilPaintCanvas,2153,2375,1991,US,2
623,"Vollon, Antoine",Harbour at Marseilles,OilPaintCanvas,733,606,1882,Other,3
624,"Hoare, William",A Gentleman in Brown,OilPaintCanvas,639,765,1750,UK,4
625,"Rowell, Kenneth",Two Figures in a Landscape,Lithograph,721,498,1963,Other,5
626,"Lundquist, Evert",Woman in Red,OilPaintCanvas,902,1000,1956,Other,1
627,"Opsomer, Isidore",Vase with Dahlias,OilPaintCanvas,498,600,1935,Other,2
628,"Gear, William",The Sculptor,OilPaintCanvas,910,1520,1953,UK,3
629,"Hicks, George Elgar",Womans Mission: Companion of Manhood,OilPaintCanvas,641,762,1863,UK,4
630,"Tanabe, Takao",Envelope Sketch,Screenprint,435,333,1967,Other,5
631,"Greenham, Peter",Lady Bonham Carter,OilPaintCanvas,711,914,1978,UK,1
632,"Soest, Gilbert","Portrait of a Gentleman with a Dog, Probably Sir Thomas Tipping",OilPaintCanvas,1149,939,1660,UK,2
633,"Holloway, Charles Edward",The St Vincent in Portsmouth Harbour,OilPaintCanvas,254,356,1893,UK,3
634,"Devis, Arthur",Breaking-Up Day at Dr Claytons School at Salford,OilPaintCanvas,1746,1207,1738,UK,4
635,"Procter, Dod",The Orchard,OilPaintCanvas,1270,1016,1934,UK,5
636,"Wolff, Robert Jay",Woodville,OilPaintCanvas,1016,1981,1967,US,1
637,"Carline, Sydney",Bank Holiday on Hampstead Heath,OilPaintCanvas,816,838,1915,UK,2
638,"Ferneley, John, I","Major Healey, Wearing Raby Hunt Uniform, Riding with the Sedgefield Hunt",OilPaintCanvas,970,764,1832,UK,3
639,"Morrice, James Wilson",House in Santiago,OilPaintCanvas,648,540,1915,Other,4
640,"Shackleton, William",Line of Life,OilPaintCanvas,1016,952,1915,UK,5
641,"Cinicolo, Donato",Sundei,Lithograph,797,299,1973,Other,1
642,"Lausen, Jens",Map No. IV The Time Before and After Mid Day Homage to C.D. Friedrich,Screenprint,562,679,1969,Other,2
643,"Van Der Zee, James","Wedding Day, Harlem",Photograph,168,232,1926,US,3
644,"Dadd, Richard",Wandering Musicians,OilPaintCanvas,510,610,1878,UK,4
645,"Lindner, Richard",Stranger No. 2,OilPaintCanvas,1016,1524,1958,Other,5
646,"Capel Doray, Audrey",Diamond,Screenprint,508,381,1967,Other,1
647,"Fell, Sheila","Maryport, Cumbria",OilPaintCanvas,1270,1019,1965,UK,2
648,"Morellet, Franois",Two Warps and Wefts of Short Lines 0 90,OilPaintCanvas,1000,1000,1955,Other,3
649,"Dugdale, Thomas",The Red Jacket,OilPaintCanvas,641,762,1924,UK,4
650,"Ozenfant, Amde",Glasses and Bottles,OilPaintCanvas,603,727,1922,Other,5
651,"Liebermann, Max",After Bathing,OilPaintCanvas,911,629,1904,Other,1
652,"Salt, John",Pink Trailer,Lithograph,641,432,1977,UK,2
653,"Brough, Romey",Sunflowers,Lithograph,698,451,1972,Other,3
654,"Slawik, Bernard",Pre-Historic Subject,Lithograph,362,292,1976,Other,4
655,"Derain, Andr",The Painter and his Family,OilPaintCanvas,1238,1765,1939,Other,5
656,"Velickovic, Vladimir",Elements and Documents Employed,Screenprint,1079,749,1979,Other,1
657,"Wegner, Nicholas",Guitarist,Lithograph,575,775,1972,UK,2
658,"Smith, Joel",The Red Queen,Screenprint,359,486,1967,US,3
659,"Guillaumin, Armand",Moret-sur-Loing,OilPaintCanvas,730,600,1902,Other,4
660,"Grau, Enrique",Jewel Box,Lithograph,540,645,1977,Other,5
661,"Herring, John Frederick, Junior",Farmyard Scene,OilPaintCanvas,838,571,1870,UK,1
662,"Butts, John",Poachers: View in the Dargle,OilPaintCanvas,899,686,1760,Other,2
663,"Lartigue, Jacques-Henri",Ren Pearl,Photograph,108,133,1930,Other,3
664,"Jackson, Gilbert",A Lady of the Grenville Family and her Son,OilPaintCanvas,608,742,1640,Other,4
665,"Kadishman, Menashe",Sheep Head B,Screenprint,825,572,1979,Other,5
666,"Woods, Henry",Cupids Spell,OilPaintCanvas,749,1187,1885,UK,1
667,"Mapplethorpe, Robert",Patti Smith,Photograph,355,355,1976,US,2
668,"Newman, John",Color Double,Lithograph,324,434,1990,US,3
669,"Gillies, Sir William",Still Life with Blue Gloves,Watercolor,914,654,1968,UK,4
670,"De Grey, Sir Roger",Interior: Exterior,OilPaintCanvas,889,1829,1977,UK,5
671,"Villard, Antoine",Circuit Railway at Grenelle,OilPaintCanvas,730,921,1922,Other,1
672,"MacBryde, Robert",Performing Clown,OilPaintCanvas,705,533,1946,UK,2
673,"Agasse, Jacques Laurent",Lord Riverss Groom Leading a Chestnut Hunter towards a Coursing Party in Hampshire,OilPaintCanvas,625,660,1807,Other,3
674,"Pommerer, Peter",Giraffe with Blue Coloured Eyes,Screenprint,210,260,2000,Other,4
675,"Higgs, Matthew",Despair,Lithograph,129,200,2000,UK,5
676,"Schneider, Gerard","Untitled from Pomes dEugenio Montale, Milan",Lithograph,65,35,1964,Other,1
677,"Tissot, James",Portsmouth Dockyard,OilPaintCanvas,546,381,1877,Other,2
678,"Pears, Charles",Transport by Sea: Place of Safety,Lithograph,460,357,1917,UK,3
679,"Boyd Harte, Glynn",[no title],Lithograph,575,775,1977,UK,4
680,"Canin, Martin",Untitled,Screenprint,914,610,1972,US,5
681,"Adams, Harry William",Winters Sleep,OilPaintCanvas,1841,1226,1900,UK,1
682,"Rozen, Felix",[no title],Screenprint,591,343,1981,Other,2
683,"Browne, Henriette",A Greek Captive,OilPaintCanvas,730,921,1863,Other,3
684,"Wendt, Lionel",[title not known],Photograph,254,334,1933,Other,4
685,"Lees, Derwent",Mtairie des Abeilles,Watercolor,305,229,1912,Other,5
686,"Sickert, Walter Richard",Brighton Pierrots,OilPaintCanvas,762,635,1915,Other,1
687,"Talmage, Algernon",The Founding of Australia 1788,OilPaintCanvas,3200,2290,1937,UK,2
688,"Corneille, Guillaume",[no title],Lithograph,546,756,1975,Other,3
689,"Kahn, Erich",The Seven Sisters,OilPaintCanvas,610,508,1954,Other,4
690,"Metzinger, Jean",Woman with a Coffee Pot,OilPaintCanvas,810,1153,1919,Other,5
691,"Breeze, Claude",Untitled,Screenprint,371,498,1967,Other,1
692,"Wolfe, Robert",Untitled,Screenprint,460,679,1971,Other,2
693,"Makarius, Sameer",Shutter in a House of La Boca,Photograph,297,237,1956,Other,3
694,"Spender, John Humphrey",Cornish Tin Mines,Lithograph,597,384,1971,UK,4
695,"Berber, Mersad",Byzantium I,Screenprint,800,1200,1980,Other,5
696,"Oliveira, Nathan",Stelae #21,OilPaintCanvas,1778,2133,1993,US,1
697,"Gurschner, Herbert",The Annunciation,OilPaintCanvas,1911,1617,1929,Other,2
698,"Bowler, Henry Alexander",The Doubt: Can these Dry Bones Live?,OilPaintCanvas,508,610,1855,Other,3
699,"Tharrats, Joan-Josep",Who Looks ...,OilPaintCanvas,1619,1299,1961,Other,4
700,"Greiffenhagen, Maurice",Restoration of Alsace-Lorraine to France,Lithograph,445,695,1917,UK,5
701,"Stanhope, John Roddam Spencer",The Wine Press,OilPaintCanvas,667,940,1864,UK,1
702,"Steadman, Ralph",Courtroom Scene from Alice in Wonderland,Lithograph,797,571,1967,UK,2
703,"Brundrit, Reginald","Nutwith Common, Masham",OilPaintCanvas,610,457,1940,Other,3
704,"Storey, George Adolphus",Sketch for The Brides Burial,Watercolor,184,222,1859,UK,4
705,"Gainsborough, Thomas",Mr and Mrs Carter,OilPaintCanvas,710,912,1747,UK,5
706,"Phillips, Maurice",Two Heads,Lithograph,508,648,1969,Other,1
707,"Maufra, Maxime",The Embankment of Lagny under Flood Water,OilPaintCanvas,549,457,1908,Other,2
708,"Colverson, Ian",Project Print,Screenprint,502,762,1973,UK,3
709,"Bayer, Herbert",Self-Portrait,Photograph,240,340,1932,Other,4
710,"De Chirico, Giorgio",The Uncertainty of the Poet,OilPaintCanvas,940,1060,1913,Other,5
711,"Drysdale, Russell",War Memorial,OilPaintCanvas,1016,660,1950,UK,1
712,"Hone, Nathaniel","Portrait of a Lady in a Blue Dress, possibly Mrs Mary Barnardiston",OilPaintCanvas,635,762,1779,Other,2
713,"Levy, Simon",The Musician,OilPaintCanvas,857,1213,1925,Other,3
714,"Elliott, Geoffrey",Brighton Fish Market,Lithograph,591,448,1968,UK,4
715,"Desnoyer, Franois",Large Port of Ste,OilPaintCanvas,1619,1140,1950,Other,5
716,"Kunst, Mauro",[no title],Watercolor,498,597,1971,Other,1
717,"Hofmann, Hans",Nulli Secundus,OilPaintCanvas,1318,2136,1964,Other,2
718,"Arnald, George",View on the Ouse at York,OilPaintCanvas,1410,1118,1803,UK,3
719,"Gorky, Arshile",Waterfall,OilPaintCanvas,1130,1537,1943,Other,4
720,"Ajmone, Giuseppe",Autumn,OilPaintCanvas,648,997,1959,Other,5
721,"Roschlau, Michael",The Pillar,Lithograph,495,664,1972,Other,1
722,"Vallotton, Flix",Road at St Paul (Var),OilPaintCanvas,645,806,1922,Other,2
723,"Cockram, George",Solitude,Watercolor,1295,660,1892,UK,3
724,"Wyckaert, Maurice",[no title],Lithograph,467,546,1975,Other,4
725,"Chalon, Henry Bernard","A Representation of the Persians in the Costume of their Country, Attending at Carlton Palace",OilPaintCanvas,1441,1010,1819,Other,5
726,"Denner, Balthasar",A Girl in a Straw Hat,OilPaintCanvas,630,766,1723,Other,1
727,"Katz, Alex",Hiroshi and Marcia,OilPaintCanvas,2437,1828,1981,US,2
728,"Spruance, Benton",Bestiary,Lithograph,483,600,1967,US,3
729,"Carline, Hilda",Self-Portrait,OilPaintCanvas,578,749,1923,UK,4
730,"Burn, Rodney J.","Waterlow Park, Highgate",OilPaintCanvas,2723,1223,1924,UK,5
731,"Bradley, Martin",Personnage Jaune,OilPaintCanvas,760,507,1954,UK,1
732,"Gore, Spencer",Rule Britannia,OilPaintCanvas,635,762,1910,Other,2
733,"Riopelle, Jean-Paul",Perspectives,OilPaintCanvas,1000,806,1956,Other,3
734,"Guston, Philip",Hat,OilPaintCanvas,2921,2032,1976,Other,4
735,"Angellis, Peter",Conversation Piece,OilPaintCanvas,797,937,1715,Other,5
736,"Williams, Kyffin",Pontlyfni in Snow,Lithograph,733,397,1974,UK,1
737,"Tisdall, Hans",Fishermans Hut,Lithograph,762,495,1946,Other,2
738,"Pickard, Louise",Still Life by a Window,OilPaintCanvas,1016,813,1916,UK,3
739,"Watson, Harry",Across the River,Watercolor,546,445,1913,UK,4
740,"Bone, Stephen",Little Venice,OilPaintCanvas,1022,762,1952,UK,5
741,"Redgrave, Richard",The Emigrants Last Sight of Home,OilPaintCanvas,984,679,1858,UK,1
742,"Edwards, Jeffery",Moonlight,Screenprint,562,533,1974,Other,2
743,"Bramley, Frank",Primrose Day,OilPaintCanvas,351,502,1885,UK,3
744,"Wemaere, Pierre",[no title],Lithograph,657,505,1975,Other,4
745,"Havekost, Eberhard",Infinity 1 and 2,OilPaintCanvas,1200,1600,2008,Other,5
746,"Cowper, Frank Cadogan",Lucretia Borgia Reigns in the Vatican in the Absence of Pope Alexander VI,OilPaintCanvas,1537,2210,1908,UK,1
747,"Huysmans, Jacob","Portrait of a Lady, as Diana",OilPaintCanvas,1013,1197,1674,Other,2
748,"Holman, Francis",A Dockyard at Wapping,OilPaintCanvas,1270,787,1780,Other,3
749,"Thornton, Alfred",St Germans,OilPaintCanvas,1016,762,1897,Other,4
750,"Yamawaki, Iwao",Untitled (Portrait of Yamawaki with Paul Oud),Photograph,107,80,1930,Other,5
751,"Piper, Edward","High Level Bridge, Newcastle",Lithograph,597,508,1965,Other,1
752,"Vordemberge-Gildewart, Friedrich",Composition No. 15,OilPaintCanvas,1251,1499,1925,Other,2
753,"Redpath, Anne",The Poppy Field,OilPaintCanvas,762,762,1963,UK,3
754,"Sutej, Miroslav",Print 2,Screenprint,924,670,1976,Other,4
755,"Clarke, Brian",A La Recherche,Screenprint,686,1120,1981,UK,5
756,"Stone, Marcus",Il y en a toujours un autre,OilPaintCanvas,705,1537,1882,UK,1
757,"Hart, Solomon Alexander",Interior of a Polish Synagogue at the Moment when the Manuscript of the Law is Elevated,OilPaintCanvas,673,813,1829,UK,2
758,"Ferrers, Benjamin",Three Ladies of the Leman Family and their Dogs on a Terrace,OilPaintCanvas,1310,830,1728,Other,3
759,"Hamilton, Gawen",The Du Cane and Boehm Family Group,OilPaintCanvas,1270,1016,1734,Other,4
760,"Hughes-Stanton, Sir Herbert","A Pasturage among the Dunes, Pas de Calais, France",OilPaintCanvas,2159,1448,1908,UK,5
761,"Uhlig, Max",Autumn Bouquet,Lithograph,594,470,1980,Other,1
762,"Golden, Grace",Free Speech,OilPaintCanvas,559,406,1940,UK,2
763,"Ophir, Gilad",Yerucham,Photograph,1480,1190,1999,Other,3
764,"Wolfe, Edward",P.C. 77,OilPaintCanvas,781,1076,1927,Other,4
765,"Reid, John Robertson",Toil and Pleasure,OilPaintCanvas,1822,991,1879,UK,5
766,"Spencer Watson, George",Hilda and Maggie,OilPaintCanvas,1448,1270,1911,UK,1
767,"Legnaghi, Igino",Sculptural Image,Screenprint,616,825,1973,Other,2
768,"Mackenzie, Alix",Cornish Fields,Screenprint,193,153,1951,Other,3
769,"Symons, Patrick",Mary Iliffs Viola Played by Electric Light and Drawn by Gas Light,OilPaintCanvas,1664,1740,1974,UK,4
770,"Brooker, William","Still Life, New Studio",OilPaintCanvas,914,914,1974,UK,5
771,"Lavery, Sir John","King George V, Accompanied by Queen Mary, at the Opening of the Modern Foreign and Sargent Galleries at the Tate Gallery, 26 June 1926",OilPaintCanvas,507,608,1926,UK,1
772,"Walton, Edward Arthur",Berwickshire Field-workers,OilPaintCanvas,609,914,1884,UK,2
773,"di Suvero, Mark",Tetra,Lithograph,843,1152,1976,Other,3
774,"Cosway, Richard","Portrait of a Gentleman, his Wife and Sister, in the Character of Fortitude introducing Hope as the Companion to Distress (The Witts Family Group)",OilPaintCanvas,1040,1180,1775,UK,4
775,"Ferneley, John, II",Hunt Scurry,OilPaintCanvas,904,450,1832,UK,5
776,"Tamayo, Rufino",Man and Woman,OilPaintCanvas,1800,1247,1981,Other,1
777,"Osborn, William Evelyn","Beach at Dusk, St Ives Harbour",OilPaintCanvas,510,610,1895,Other,2
778,"Francis, Mark",Source,OilPaintCanvas,1830,2083,1992,UK,3
779,"Abbott, Berenice",Tri-Boro Barber Shop,Photograph,200,250,1935,US,4
780,"Wolff, Christian",Prose Pieces,Screenprint,499,598,1973,Other,5
781,"Benois, Nadia",Near La Garde Freinet,OilPaintCanvas,762,635,1935,Other,1
782,"Boisvert, Gilles",Silver Bird over the Rue St Laurent,Screenprint,410,613,1971,Other,2
783,"Siberechts, Jan","View of a House and its Estate in Belsize, Middlesex",OilPaintCanvas,1397,1079,1696,Other,3
784,"Von Herkomer, Sir Hubert",Portrait of Lady Tate,OilPaintCanvas,1170,1505,1899,Other,4
785,"Yeames, William Frederick",Amy Robsart,OilPaintCanvas,1885,2815,1877,Other,5
786,"Forbes, Vivian",The Fallen Statue,OilPaintCanvas,550,380,1932,UK,1
787,"Collier, Edward","A Trompe lOeil of Newspapers, Letters and Writing Implements on a Wooden Board",OilPaintCanvas,462,588,1699,Other,2
788,"Hine, Lewis","School, y9, District 3. This was the attendance on December 3, and several children were absent on account of sickness",Photograph,127,101,1915,US,3
789,"Mason, Arnold",Girl with a Hand-Mirror,OilPaintCanvas,716,918,1929,UK,4
790,"Thomson, George",St Pauls,OilPaintCanvas,762,635,1897,UK,5
791,"Beer, Richard",Greenlands,Lithograph,464,613,1972,UK,1
792,"Butler, Samuel",Mr Heatherleys Holiday: An Incident in Studio Life,OilPaintCanvas,708,921,1874,UK,2
793,"Jones, William",Phillida Rejecting Mopsus and Cimon: A Scene from Colley Cibbers Damon and Phillida,OilPaintCanvas,762,635,1740,Other,3
794,"Brunias, Agostino",Dancing Scene in the West Indies,OilPaintCanvas,660,508,1764,Other,4
795,"Freud, Lucian",Girl in a Striped Nightshirt,OilPaintCanvas,250,295,1983,Other,5
796,"Finnie, John","Silver Arcade, Leicester",Lithograph,489,591,1956,Other,1
797,"Fildes, Sir Luke",Applicants for Admission to a Casual Ward,OilPaintCanvas,940,571,1909,UK,2
798,"Kirk, Eve",Avignon,OilPaintCanvas,730,502,1939,UK,3
799,"Miller, Jack",Santa Barbara,Lithograph,504,338,1975,UK,4
800,"Berg, Adrian","Gloucester Gate, Regents Park, May",OilPaintCanvas,1774,1775,1982,UK,5
801,"Jackson, Alexander Young",The Entrance to Halifax Harbour,OilPaintCanvas,806,648,1919,Other,1
802,"Doesburg, Theo van",Counter-Composition VI,OilPaintCanvas,500,500,1925,Other,2
803,"Llewellyn, Sir William",Sailing at Blakeney,OilPaintCanvas,762,635,1938,UK,3
804,"Balla, Giacomo",Abstract Speed - The Car has Passed,OilPaintCanvas,654,502,1913,Other,4
805,"Constable, John",View in the Stour Valley looking towards Langham Church from Dedham,Watercolor,664,480,1805,UK,5
806,"Highmore, Joseph",Equestrian Portrait of King George II,OilPaintCanvas,630,750,1743,UK,1
807,"Halswelle, Keeley",Pangbourne,OilPaintCanvas,1359,908,1881,UK,2
808,"Stern, Grete",Hand in Sand,Photograph,157,110,1945,Other,3
809,"Baziotes, William",Mammoth,OilPaintCanvas,1524,1219,1957,US,4
810,"Hicks, Philip",Old Man and Soldier,Screenprint,438,657,1971,Other,5
811,"Cooper, Thomas Sidney",A Cow and Two Sheep,Watercolor,298,216,1860,UK,1
812,"Hickey, Thomas",Dr John Heath,OilPaintCanvas,622,746,1779,Other,2
813,"La Thangue, Henry Herbert",The Return of the Reapers,OilPaintCanvas,695,1190,1886,UK,3
814,"Vuong, Ha van",Itinerant Singer,Lithograph,483,638,1975,Other,4
815,"Cotes, Francis","Anna Maria Astley, Aged Seven, and her Brother Edward, Aged Five and a Half",OilPaintCanvas,1603,2000,1767,UK,5
816,"Farquharson, David",Birnam Wood,OilPaintCanvas,2444,1676,1906,Other,1
817,"Leverett, David",Two Faces of a Place,Screenprint,1050,712,1977,UK,2
818,"Bishop, Henry","Sirocco, Tetuan",OilPaintCanvas,356,305,1907,UK,3
819,"Coldwell, Paul",[title not known],Lithograph,397,275,1998,UK,4
820,"Osborn, Emily","Nameless and Friendless. The rich mans wealth is his strong city, etc. - Proverbs, x, 15",OilPaintCanvas,1038,825,1857,UK,5
821,"Boumans, Bart",Dutch Landscape,Lithograph,492,422,1973,Other,1
822,"Wellington, Hubert L.","The Big Barn, Frampton Mansell",OilPaintCanvas,616,508,1915,UK,2
823,"Dubsky, Mario",Cabaret Valhalla,OilPaintCanvas,2132,2130,1983,UK,3
824,"Lorimer, John Henry","Sir Robert Lorimer, A.R.A., as a Boy",OilPaintCanvas,381,546,1875,UK,4
825,"Laurie, Robin",The Burning Cone,Lithograph,117,197,1970,Other,5
826,"Williams, Penry",Neapolitan Peasants at a Fountain,OilPaintCanvas,1530,1067,1859,UK,1
827,"Taslitzky, Boris",Study for The Death of Danielle Casanova,OilPaintCanvas,1303,811,1949,Other,2
828,"Sheffield, George",Churchyard at Bettws-y-Coed,Watercolor,298,200,1865,UK,3
829,"Chighine, Alfredo",Composition with Palm Trees,OilPaintCanvas,813,648,1960,Other,4
830,"Henderson-Begg, Liselott",Untitled,Lithograph,368,292,1971,Other,5
831,"Dehn, Adolf",Minnesota,Lithograph,762,495,1947,US,1
832,"Binning, Bertram",Merging Sides,Screenprint,495,356,1967,Other,2
833,"Nicol, Erskine",Donnybrook Fair,OilPaintCanvas,2108,1067,1859,UK,3
834,"Brooks, James",Boon,OilPaintCanvas,1730,1803,1957,US,4
835,"Minaux, Andr",Arm-chair in an Interior,OilPaintCanvas,968,1619,1951,Other,5
836,"Krasner, Lee",Gothic Landscape,OilPaintCanvas,2378,1768,1961,US,1
837,"Brooke, William Henry","Lanherne Bay near the Nunnery, Cornwall",Watercolor,190,146,1819,Other,2
838,"Thomson, Alfred R.",Sister Fry,OilPaintCanvas,635,762,1939,Other,3
839,"Janecek, Ota",The Cell,OilPaintCanvas,967,1302,1964,Other,4
840,"McEvoy, Mary",Interior: Girl Reading,OilPaintCanvas,438,533,1901,Other,5
841,"Inshaw, David",The Badminton Game,OilPaintCanvas,1835,1524,1972,UK,1
842,"Bell, John Zephaniah",Cardinal Bourchier Urges the Widow of Edward IV to Let her Son out of Sanctuary,OilPaintCanvas,1765,1321,1868,UK,2
843,"Elwyn, John",Harlech Castle,Lithograph,610,460,1969,UK,3
844,"Spilsbury, Maria",The Schoolmistress,OilPaintCanvas,914,762,1803,UK,4
845,"Osbaldeston, David",A Trade Double,Lithograph,574,414,2007,UK,5
846,"Procktor, Patrick",Northern Lass (from Europaeische Graphik VII),Lithograph,508,657,1971,Other,1
847,"Rocamora, Jaume",[title not known],Screenprint,257,343,1980,Other,2
848,"Waterlow, Sir Ernest Albert",Galway Gossips,OilPaintCanvas,1276,762,1887,UK,3
849,"Shapiro, Shmuel",Two Lovers,Lithograph,448,349,1966,US,4
850,"Park, Alistair",1. 9,Lithograph,441,559,1973,Other,5
851,"Lawson, Thomas",El Diablo,OilPaintCanvas,3660,1830,1985,UK,1
852,"Robb, Brian",Southend Pier,Lithograph,733,483,1956,UK,2
853,"Askew, Victor","The Studio, St Johns Wood",OilPaintCanvas,698,787,1948,UK,3
854,"Bates, Maxwell",Interior,Screenprint,384,508,1968,Other,4
855,"Sandys, Edwina",[no title],Lithograph,435,295,1977,UK,5
856,"Ripley, Edward","Landscape, Cotswold Farm",Lithograph,635,470,1975,Other,1
857,"Bell, Graham",Dover Front,OilPaintCanvas,762,635,1938,Other,2
858,"Bird, John",I.I.,Lithograph,441,559,1973,UK,3
859,"Fuller, Isaac",Portrait of an Unknown Man,OilPaintCanvas,1022,1245,1660,Other,4
860,"Riddy, John",London (Gillender Street 4) 1997,Photograph,480,376,1997,UK,5
861,"Lanceley, Colin",What the Thunder Said,Screenprint,684,1012,1975,Other,1
862,"Holl, Frank",Portrait of My Mother,OilPaintCanvas,508,610,1882,UK,2
863,"Lawler, Louise",25-Mar-91,Photograph,555,380,1991,US,3
864,"Pickersgill, Frederick Richard","Amoret, Aemylia and Prince Arthur, in the Cottage of Sclaunder",OilPaintCanvas,889,591,1845,UK,4
865,"Packham, Alex",The Kitty,Lithograph,581,429,1970,Other,5
866,"Bundy, Edgar",The Morning of Sedgemoor,OilPaintCanvas,1264,1524,1905,UK,1
867,"Bowey, Olwyn",Portrait Sketch of L.S. Lowry,OilPaintCanvas,711,914,1963,UK,2
868,"Severn, Joseph",The Infant of the Apocalypse Saved from the Dragon,OilPaintCanvas,1270,2235,1827,UK,3
869,"Lindstrm, Bengt",Red Man,Lithograph,224,290,1968,Other,4
870,"Jacobs, Janice",Abstract,Lithograph,527,708,1973,Other,5
871,"Inlander, Henry",Moving Surface,OilPaintCanvas,1003,1003,1961,Other,1
872,"Sefran, Gorazd",Sindon III,Lithograph,690,532,1979,Other,2
873,"Egley, William Maw",Omnibus Life in London,OilPaintCanvas,419,448,1859,UK,3
874,"Spencer, Thomas","A Bay Hunter Held by a Groom, with a Stag-Hunt in the Background",OilPaintCanvas,1356,1149,1750,Other,4
875,"Hayward, Alfred Robert","Sunset on the Lagoon, Venice",OilPaintCanvas,762,559,1925,UK,5
876,"Young, Robert",Sounds Inside,Screenprint,683,556,1973,Other,1
877,"Dahl, Michael",Portrait of Mrs Haire,OilPaintCanvas,639,768,1701,Other,2
878,"Gabie, Neville",La Partie est Joue,Screenprint,260,380,1998,Other,3
879,"Kupka, Frantisek",The Waterfall,OilPaintCanvas,648,648,1906,Other,4
880,"Fantin-Latour, Henri",Self-Portrait,OilPaintCanvas,254,314,1860,Other,5
881,"Maddox, Conroy",Passage de lOpra,OilPaintCanvas,940,1372,1970,UK,1
882,"Scheibitz, Thomas",90 Elements,OilPaintCanvas,3650,1820,2007,Other,2
883,"Lambourn, George",Portrait of a Communist,OilPaintCanvas,457,546,1936,UK,3
884,"Cain, Neville",John S. Sargent,OilPaintCanvas,330,410,1875,US,4
885,Matta,Black Virtue,OilPaintCanvas,1826,765,1943,Other,5
886,"Ireland, Geoffrey",Sagres,Lithograph,610,473,1965,Other,1
887,"Fry, Anthony",Nude X,OilPaintCanvas,1372,1016,1980,UK,2
888,"Renoir, Auguste",Peaches and Almonds,OilPaintCanvas,413,311,1901,Other,3
889,"Chowne, Gerard",Spanish Landscape,Watercolor,375,241,1913,Other,4
890,"Hamilton, Anthea",Divers,Screenprint,600,760,2011,UK,5
891,"Moholy, Lucia","Bauhaus Building, Dessau",Photograph,141,99,1925,Other,1
892,"Singier, Gustave",Provence I,OilPaintCanvas,806,997,1957,Other,2
893,"Utrillo, Maurice",Le Passage Cottin,OilPaintCanvas,730,540,1910,Other,3
894,"Travis, Ann",Bloomsbury Pie,Lithograph,391,359,1974,UK,4
895,"Berman, Eugne",The Jug on the Window,OilPaintCanvas,600,810,1934,Other,5
896,"Rivers, Larry",Parts of the Face: French Vocabulary Lesson,OilPaintCanvas,749,749,1961,US,1
897,"Greene, Stephen",The Return,OilPaintCanvas,838,1318,1950,US,2
898,"Knight, John Prescott",Sacking a Church at the Time of John Knox,OilPaintCanvas,1956,1460,1843,UK,3
899,"Carnegie, Gillian",Black Square,OilPaintCanvas,1930,1930,2008,UK,4
900,"Reinhardt, Ad",Abstract Painting No. 5,OilPaintCanvas,1524,1524,1962,US,5
901,"Pichet, Roland",Silence of Jonille,Screenprint,524,419,1971,Other,1
902,"Mercier, Philip",The Schutz Family and their Friends on a Terrace,OilPaintCanvas,1257,1022,1725,Other,2
903,"Cundall, Charles",Building in Berkeley Square,OilPaintCanvas,648,806,1938,UK,3
904,"Tyson, Ian",Patterns,Lithograph,763,300,1973,UK,4
905,"Cheese, Bernard",A Fishermans Story,Lithograph,733,483,1956,UK,5
906,"Jaray, Tess",Fifteen,OilPaintCanvas,4318,2235,1969,Other,1
907,"King, Jeremy",Leighton Moss,Lithograph,600,410,1978,UK,2
908,"Moreton, Warwick",The Gang I,Screenprint,225,460,1973,Other,3
909,"Fearon, Hilda",The Tea Party,OilPaintCanvas,660,546,1916,UK,4
910,"Haynes-Williams, John","Ars Longa, Vita Brevis",OilPaintCanvas,2115,1289,1877,UK,5
911,"Lszl, Philip Alexius de",Lady Wantage,OilPaintCanvas,745,955,1911,Other,1
912,"Winner, Gerd",[no title],Screenprint,698,502,1978,Other,2
913,"Goldschmidt, Hilde",The Sphinx,OilPaintCanvas,610,889,1948,Other,3
914,"Mytens, Daniel, the Elder","Portrait of James Hamilton, Earl of Arran, Later 3rd Marquis and 1st Duke of Hamilton, Aged 17",OilPaintCanvas,1251,2007,1623,Other,4
915,"Estes, Richard",Holland Hotel,Screenprint,1832,1157,1984,US,5
916,"Clint, George",Falstaffs Assignation with Mrs Ford,OilPaintCanvas,641,768,1830,UK,1
917,"Pryse, Gerald",Indians and Motorbuses near Poperinghe,Lithograph,492,327,1917,Other,2
918,"East, Sir Alfred",Golden Autumn,OilPaintCanvas,1530,1225,1904,UK,3
919,"Slaughter, Stephen",Sir George Lee,OilPaintCanvas,635,762,1753,UK,4
920,"Bauchant, Andr",The Funeral Procession of Alexander the Great,OilPaintCanvas,1949,1140,1940,Other,5
921,"Marshall, Benjamin","Portraits of Cattle of the Improved Short-Horned Breed, the Property of J. Wilkinson Esq. of Lenton, near Nottingham",OilPaintCanvas,1271,1015,1816,UK,1
922,"Brett, Bernard","The Palace Pier, Brighton",Lithograph,702,502,1974,Other,2
923,"Bree, Rev. William",A Much-Repaired Gate,Watercolor,187,114,1804,Other,3
924,"Spurrier, Steven",Yellow Wash-stand,OilPaintCanvas,654,546,1939,UK,4
925,"Beach, Thomas",Portrait of a Gentleman in a Green Robe,OilPaintCanvas,641,759,1773,UK,5
926,"Gosse, Sylvia",Walter Richard Sickert,OilPaintCanvas,305,508,1923,UK,1
927,"Murtic, Edo",Red and Brown,OilPaintCanvas,1462,1143,1960,Other,2
928,"Hogarth, William","Three Ladies in a Grand Interior (The Broken Fan), possibly Catherine Darnley, Duchess of Buckingham with Two Ladies",OilPaintCanvas,667,652,1736,UK,3
929,"Turner, Bruce",Pavlova,OilPaintCanvas,619,516,1912,UK,4
930,"Topolski, Feliks",Trooping the Colour,Lithograph,499,354,1973,Other,5
931,"Collins, Charles",Lobster on a Delft Dish,OilPaintCanvas,910,705,1738,Other,1
932,"Lewis, Morland",The Bandstand,OilPaintCanvas,610,451,1931,UK,2
933,"Eves, Reginald G",Max Beerbohm,OilPaintCanvas,635,724,1936,UK,3
934,"Hodges, William",Tomb and Distant View of Rajmahal Hills,OilPaintCanvas,724,622,1782,UK,4
935,"Martineau, Robert Braithwaite",Kits Writing Lesson,OilPaintCanvas,705,521,1852,UK,5
936,"Hayls, John","Portrait of a Lady and a Boy, with Pan",OilPaintCanvas,1600,1730,1655,Other,1
937,"Lemon, Arthur",The Wooing of Daphnis,OilPaintCanvas,1200,852,1881,Other,2
938,"Cooke, Jean",Self-Portrait,OilPaintCanvas,838,1149,1958,UK,3
939,"Marx, Enid",Budgerigars,Lithograph,768,575,1972,UK,4
940,"Souch, John",George Puleston (?),OilPaintCanvas,635,762,1625,UK,5
941,"Gottlieb, Adolph",Wedge,OilPaintCanvas,1219,1829,1961,US,1
942,"Douglas, Edwin",Alderneys (Mother and Daughter),OilPaintCanvas,1118,1422,1875,UK,2
943,"McCartney, Linda",McCartney,Screenprint,333,480,1977,US,3
944,"Frye, Thomas",Henry Crispe of the Custom House,OilPaintCanvas,1016,1243,1746,Other,4
945,"Parsons, Alfred",When Nature Painted all Things Gay,OilPaintCanvas,1511,1054,1887,Other,5
946,"Dawe, George",Naomi and her Daughters,OilPaintCanvas,769,961,1804,Other,1
947,"Hunt, Walter",The Dog in the Manger,OilPaintCanvas,1689,1016,1885,Other,2
948,"McEwen, Rory",Untitled,Screenprint,305,305,1969,UK,3
949,"John, Augustus, OM",Dorelia Standing before a Fence,OilPaintCanvas,1220,2020,1903,UK,4
950,"Miller, Godfrey",Triptych with Figures,OilPaintCanvas,1041,654,1944,Other,5
951,"Morton, Alastair",Opus 15 (Light Blue and Yellow),OilPaintCanvas,991,686,1938,UK,1
952,"Cazin, Jean-Charles",Ulysses after the Shipwreck,OilPaintCanvas,597,733,1890,Other,2
953,"Foster, Myles Birket",The Smithy,Watercolor,140,102,1890,UK,3
954,"Estve, Maurice",Composition 166,Watercolor,638,505,1957,Other,4
955,"Hokanson, Lars",Peaceable Kingdom Revisited,Lithograph,473,394,1974,Other,5
956,"Brough, Robert",Fantaisie en Folie,OilPaintCanvas,1257,1022,1897,UK,1
957,"Malevich, Kazimir",Dynamic Suprematism,OilPaintCanvas,800,803,1915,Other,2
958,"D'Arcangelo, Allan",Constellation IV,Screenprint,661,661,1971,US,3
959,"Vlaminck, Maurice de",Landscape near Martigues,OilPaintCanvas,819,651,1913,Other,4
960,London Gallery,7 Klner Kunstmarkt,Lithograph,441,559,1973,Other,5
961,"Carr, Thomas",Fireside,Lithograph,762,495,1946,UK,1
962,"James, A. Gosset",Winter on the Windrush,OilPaintCanvas,1022,635,1938,UK,2
963,"Frampton, Meredith",Sir Clive Forster-Cooper,OilPaintCanvas,1263,1078,1945,UK,3
964,"Donaldson, Andrew Brown","Puente San Martin, Toledo",Watercolor,311,641,1889,UK,4
965,"Buvelot, Louis",The Pool,Watercolor,254,178,1878,Other,5
966,"Wright, Richard",Untitled Figure 5,Screenprint,1260,890,2001,UK,1
967,"Reuter, Ingmar",Shop Front,Screenprint,695,508,1972,Other,2
968,"Spero, Nancy",Lovers,OilPaintCanvas,2040,1635,1962,US,3
969,"King, Cecil",Red,Screenprint,749,425,1975,Other,4
970,"Bouvier de Cachard, Comte Rgis Guy de",Tower of London,Lithograph,654,486,1972,Other,5
971,"Maddox, Ronald","Royal Naval College and Queens House, Greenwich",Lithograph,454,213,1974,Other,1
972,"Fine, Lois",Sphinx,Lithograph,692,483,1972,Other,2
973,"Dotremont, Christian",[no title],Lithograph,733,492,1975,Other,3
974,"Mackintosh, Charles Rennie",Fetges,Watercolor,480,474,1927,UK,4
975,"Kelly, Felix",Steamer,Lithograph,762,594,1946,Other,5
976,"Mackay, Alex",Two Bird Studies,Lithograph,765,597,1976,Other,1
977,"Davis, Stuart",Composition,Screenprint,360,282,1964,US,2
978,"Whitcombe, Thomas",The Battle of Camperdown,OilPaintCanvas,1829,1219,1798,UK,3
979,"Burra, Edward",The Snack Bar,OilPaintCanvas,559,762,1930,UK,4
980,"Furse, Charles Wellington",Field-Marshal Earl Roberts on his Charger Vonolel,OilPaintCanvas,705,914,1893,UK,5
981,"Bonington, Richard Parkes",French Coast with Fishermen,OilPaintCanvas,967,643,1825,UK,1
982,"Black, Sheila",Broad Street Line,Screenprint,1829,3048,1967,Other,2
983,"Gennari, Benedetto","Elizabeth Panton, Later Lady Arundell of Wardour, as Saint Catherine",OilPaintCanvas,1021,1250,1689,Other,3
984,"Davis, William",A Days Sport at Bidston Hill,OilPaintCanvas,401,301,1865,Other,4
985,"Lethbridge, Julian",Untitled,Lithograph,435,576,1990,Other,5
986,"Guthrie, Sir James",The Wash,OilPaintCanvas,735,940,1882,UK,1
987,"Dean, Catherine",Sheeps Skull and Ferns,OilPaintCanvas,508,406,1935,UK,2
988,"Baxter, Iain",Bagged Day-Glo Oranges,Screenprint,381,508,1967,UK,3
989,"Hopwood, Henry Silkstone",Industry,Watercolor,1274,820,1894,UK,4
990,"Ting, Walasse",[no title],Lithograph,752,543,1975,Other,5
991,"Coxon, Raymond",Blue Bird,OilPaintCanvas,1013,1521,1968,UK,1
992,"Tillyer, William",The Print. The Fragment,Screenprint,1308,1090,1978,UK,2
993,"Alma-Tadema, Sir Lawrence",A Priestess of Apollo,OilPaintCanvas,298,349,1888,Other,3
994,"Arikha, Avigdor",Jerusalem Seen from the South,OilPaintCanvas,657,502,1980,Other,4
995,"Whitten, Jack",Epsilon Group II,OilPaintCanvas,1613,1613,1977,US,5
996,"Kemp-Welch, Lucy",Forward the Guns!,OilPaintCanvas,3061,1524,1917,UK,1
997,"Reynolds, Sir Joshua",Colonel Acland and Lord Sydney: The Archers,OilPaintCanvas,1800,2360,1769,UK,2
998,"Hofland, Thomas Christopher",Stirling Castle,OilPaintCanvas,1841,1321,1815,Other,3
999,"Nicholls, Bertram","Steyning Church, Sussex",OilPaintCanvas,406,508,1921,UK,4
1000,"Holroyd, Sir Charles",Wooded Landscape,Watercolor,508,311,1906,UK,5
1001,"Delaunay, Robert",Endless Rhythm,OilPaintCanvas,1302,1619,1934,Other,1
1002,"Martin, Anne",From One World to Another,OilPaintCanvas,1831,1843,1962,UK,2
1003,"Wunderlich, Paul",[title not known: from the book Paul Wunderlich by Jens Christian Jensen],Lithograph,114,143,1980,Other,3
1004,"Logsdail, William",St Martin-in-the-Fields,OilPaintCanvas,1181,1435,1888,UK,4
1005,"Prinsep, Valentine Cameron",Ayesha,OilPaintCanvas,698,902,1887,Other,5
1006,"Brooking, Charles",A British Man of War Firing a Salute,OilPaintCanvas,1480,1022,1750,UK,1
1007,"Nolde, Emil",The Sea B,OilPaintCanvas,1010,737,1930,Other,2
1008,"Evans, Merlyn Oliver",The Mark of the Beast,OilPaintCanvas,711,908,1940,UK,3
1009,"Ovenden, Graham",This Blasted Heath,Screenprint,460,622,1972,UK,4
1010,"Pissarro, Camille",A Corner of the Meadow at Eragny,OilPaintCanvas,813,600,1902,Other,5
1011,"Lessore, Helen",Portrait of David Wilkie,OilPaintCanvas,302,354,1967,UK,1
1012,"Carline, George",Under a Midsummer Sun,OilPaintCanvas,362,257,1889,UK,2
1013,"Haile, Sam",Surgical Ward,OilPaintCanvas,762,610,1939,UK,3
1014,"Leader, Benjamin Williams",The Valley of the Llugwy,OilPaintCanvas,2007,1194,1883,UK,4
1015,"Roper, Richard","The Match between Aaron and Driver at Maidenhead, Aug. 1754: Driver Winning the Third Heat",OilPaintCanvas,1216,883,1754,Other,5
1016,"Bloch, Martin",Afternoon in Bangor,OilPaintCanvas,914,1270,1952,Other,1
1017,"Downsbrough, Peter",1. 4,Lithograph,559,441,1973,US,2
1018,"Mackenzie, Warren",Untitled,Screenprint,210,378,1951,US,3
1019,"Cumberland, George","Inside the Peak Cavern, Castleton, Derbyshire",Watercolor,219,146,1820,UK,4
1020,"Rogers, Claude",Cornfields at Somerton,OilPaintCanvas,1266,1016,1961,UK,5
1021,"Cheese, Chloe",Pink Carnations,Lithograph,406,559,1978,UK,1
1022,"Clint, Alfred",Hampstead from the South-East,OilPaintCanvas,914,610,1852,UK,2
1023,"Cooper, Gerald",Striped Lily,Lithograph,498,762,1946,Other,3
1024,"Shayer, William, Senior",A Village Festival,OilPaintCanvas,1086,902,1843,UK,4
1025,"Hand, Thomas",Cottage and Hilly Landscape,OilPaintCanvas,908,711,1797,Other,5
1026,"Gibb, Phelan",Belgrave Square and Wilton Crescent,Watercolor,483,343,1928,UK,1
1027,"Grant, Sir Francis",Portrait of a Lady (? Mrs Edmund Peel),OilPaintCanvas,1334,2235,1856,UK,2
1028,Mane-Katz,Orchestra,OilPaintCanvas,650,540,1949,Other,3
1029,"Wyllie, Charles William",Digging for Bait,OilPaintCanvas,1270,660,1877,UK,4
1030,"Ulreich, Edward Buk",Arizona Cowboys,Lithograph,762,498,1947,Other,5
1031,"Bravo, Manuel lvarez",Black Mirror,Photograph,255,330,1947,Other,1
1032,"Forbes, Stanhope Alexander",The Health of the Bride,OilPaintCanvas,2000,1524,1889,Other,2
1033,"Lamb, Henry",The Artists Family,OilPaintCanvas,914,1143,1940,Other,3
1034,"Haghe, Louis",Council of War at Courtray,Watercolor,711,762,1839,Other,4
1035,"Thirsk, John",Dr W.G. Grace,Lithograph,384,575,1972,Other,5
1036,"Gill, Charles",The Lethbridge Children,OilPaintCanvas,902,711,1785,Other,1
1037,"Beckmann, Max",Carnival,OilPaintCanvas,918,1864,1920,Other,2
1038,"Forain, Jean-Louis",The Tub,OilPaintCanvas,546,654,1886,Other,3
1039,"Ryan, Adrian",Flowers on a Chair,OilPaintCanvas,432,610,1958,UK,4
1040,"Moore, Raymond",Maryport,Photograph,316,212,1977,UK,5
1041,"Parkinson, Valerie",[title not known],Lithograph,321,241,1968,Other,1
1042,"Bacon, Sir Nathaniel",Cookmaid with Still Life of Vegetables and Fruit,OilPaintCanvas,2475,1510,1620,Other,2
1043,"Herv, Lucien",Villa Royan (Quentin),Photograph,45,47,1953,Other,3
1044,"Colquhoun, Robert",The Fortune Teller,OilPaintCanvas,806,1264,1946,UK,4
1045,"Geddes, Andrew",Mrs Greatorex,OilPaintCanvas,1016,1270,1840,UK,5
1046,"Appleyard, Fred",A Secret,OilPaintCanvas,1232,914,1914,UK,1
1047,"Marchand, Jean",Angelina,OilPaintCanvas,810,1003,1923,Other,2
1048,"Jones, Stanley",Sheelin,Lithograph,419,600,1978,UK,3
1049,"Leapman, Edwina",Untitled Orange,OilPaintCanvas,1900,1388,1964,UK,4
1050,"Laurencin, Marie",The Fan,OilPaintCanvas,300,305,1919,Other,5
1051,"Hacker, Arthur",The Annunciation,OilPaintCanvas,1257,2311,1892,UK,1
1052,"Carline, Nancy",Supper on the Terrace,OilPaintCanvas,765,610,1946,UK,2
1053,"Johnson, Charles Edward","The Swineherd: Gurth, Son of Beowulph",OilPaintCanvas,2121,1410,1879,Other,3
1054,"Newman, Barnett",Moment,OilPaintCanvas,406,762,1946,US,4
1055,"Shee, Sir Martin Archer",Two Rustic Figures,Watercolor,111,133,1817,Other,5
1056,"Salgado, Sebastio","The Gold Mine, Brazil",Photograph,280,430,1986,Other,1
1057,"Brangwyn, Sir Frank",Making Sailors: Boatdrill,Lithograph,363,463,1917,Other,2
1058,"Millner, William Edwards",A Wayside Gossip,OilPaintCanvas,502,378,1872,Other,3
1059,"Strunke, Niklavs",The Town of Kraslava,OilPaintCanvas,690,543,1937,Other,4
1060,"Pyne, James Baker","The Mulgrave Alum Works at Sandsend, Yorkshire Coast",OilPaintCanvas,1429,927,1844,UK,5
1061,"Sullivan, Edmund J.",Reign of Justice,Lithograph,438,689,1917,UK,1
1062,"Anderton, Henry",Mountain Landscape with Dancing Shepherd,OilPaintCanvas,597,457,1650,Other,2
1063,"Araki, Nobuyoshi",Untitled,Photograph,400,310,1995,Other,3
1064,"Ensor, James",Effect of Light,OilPaintCanvas,616,508,1935,Other,4
1065,"Williams, William",Thunderstorm with the Death of Amelia,OilPaintCanvas,1019,635,1784,UK,5
1066,"Van Dyck, Sir Anthony","Portrait of Mary Hill, Lady Killigrew",OilPaintCanvas,833,1065,1638,Other,1
1067,"Gardiner, Clive","Churchyard, Old Town, St Marys IV",OilPaintCanvas,357,254,1956,UK,2
1068,"Bower, Edward",Sir John Drake,OilPaintCanvas,981,1244,1646,Other,3
1069,"Almond, Darren",Multiple Working,Screenprint,889,731,1997,UK,4
1070,"Kerr, Charles Henry Malcolm",The Visitor,OilPaintCanvas,321,762,1905,Other,5
1071,"Meneeley, Ed",Louinas Dream,Screenprint,660,933,1973,US,1
1072,"Briggs, Ernest",A Flood on the Ken at Earlstoun Linn,Watercolor,1143,787,1913,UK,2
1073,"Sutton, Philip",The Tree,OilPaintCanvas,1372,1372,1958,UK,3
1074,"Chagall, Marc",The Blue Circus,OilPaintCanvas,267,349,1950,Other,4
1075,"Macdonald, Frances",Iffley Church,Lithograph,559,394,1970,UK,5
1076,"Myers, Bernard",Japanese Anemones,Lithograph,654,479,1978,Other,1
1077,"Vacher, Charles","Rezzonico and the Splgen Range, Lake Como",Watercolor,1410,813,1867,UK,2
1078,"Maze, Paul",Whitehall in Winter,OilPaintCanvas,737,610,1920,Other,3
1079,"Dadd, Frank",Gold Lace has a Charm for the Fair,Watercolor,470,330,1908,UK,4
1080,"Scarfe, Gerald, CBE",Spiro Agnew,Lithograph,587,778,1970,UK,5
1081,"Dixon, Harry",Lions,Watercolor,1181,648,1891,UK,1
1082,"Phillips, Thomas","Sir David Wilkie, R.A.",OilPaintCanvas,762,997,1829,UK,2
1083,"Matthiasdottir, Louisa",Still Life with Frying Pan and Red Cabbage,OilPaintCanvas,1524,1320,1979,Other,3
1084,"Herman, Andrew",[no title],Screenprint,470,612,1994,UK,4
1085,"Zao, Wou-ki",Before the Storm,OilPaintCanvas,537,724,1955,Other,5
1086,"Burkert, Robert",Three Trees,Lithograph,724,508,1968,US,1
1087,"Yiadom-Boakye, Lynette",10pm Saturday,OilPaintCanvas,1300,2000,2012,UK,2
1088,"Peters, Rev. Matthew William",Lydia,OilPaintCanvas,770,642,1777,UK,3
1089,"Ortman, George",[no title],Screenprint,408,560,1964,US,4
1090,"Northcote, James",A Young Lady Playing the Harp,OilPaintCanvas,864,1105,1814,UK,5
1091,"Leung, Yau",Wong Tai Sin Resettlement Estate,Photograph,250,290,1965,Other,1
1092,"Forge, Andrew",Orange Nude: S. Undressing,OilPaintCanvas,762,1022,1961,UK,2
1093,"Lowry, L.S.",Hillside in Wales,OilPaintCanvas,1016,762,1962,UK,3
1094,"McTaggart, William",Summer Sundown - Tir-nan-og,OilPaintCanvas,914,610,1880,UK,4
1095,"Roussel, Thodore",The Reading Girl,OilPaintCanvas,1613,1524,1886,Other,5
1096,"Atlan, Jean-Michel",Baal the Warrior,OilPaintCanvas,1295,1626,1953,Other,1
1097,"Blackadder, Elizabeth",Still Life with Pomegranates,OilPaintCanvas,1118,864,1963,UK,2
1098,"Palmer, Garrick",Kennet Lock,Lithograph,521,349,1977,UK,3
1099,"Hogarth, Paul",The Gates of Fez,Lithograph,775,571,1975,UK,4
1100,"Sartorius, Francis",A Black Horse with Two Dogs,OilPaintCanvas,416,346,1793,UK,5
1101,"Roberts, Donald",Vair Project - Basalt 68,Lithograph,838,597,1968,US,1
1102,"Fisher, Melton",In Realms of Fancy,OilPaintCanvas,1219,1225,1898,UK,2
1103,"Glendenning, Ronald",Landscape,Lithograph,533,435,1978,Other,3
1104,"Oulton, Thrse",Deposition,OilPaintCanvas,1778,1956,1989,UK,4
1105,"Hamilton, Gavin",Agrippina Landing at Brindisium with the Ashes of Germanicus,OilPaintCanvas,2560,1825,1772,UK,5
1106,"Keeping, Charles",City Tiered Stables,Lithograph,670,416,1965,UK,1
1107,"Armstrong, John",Tocsin III,OilPaintCanvas,914,711,1967,UK,2
1108,"Latham, James",The Rt Hon. Sir Capel Molyneux,OilPaintCanvas,1080,1346,1740,Other,3
1109,"Marchant, Paul",Rag Vasant (Spring Time),Lithograph,571,775,1978,Other,4
1110,"Burt (ne Dallas), Angela",First Out of the Box,Screenprint,1829,3048,1967,Other,5
1111,"Paalen, Wolfgang",The Messenger,OilPaintCanvas,765,2000,1941,Other,1
1112,"Howell, Peter",The Last Furlong,Lithograph,705,483,1973,UK,2
1113,"Somerscales, Thomas J.",Off Valparaiso,OilPaintCanvas,1803,965,1899,UK,3
1114,"Holland, Harry",T.V.,Lithograph,157,153,1982,UK,4
1115,"Mordmller, Rainer G",[no title],Lithograph,159,219,1977,Other,5
1116,"Zoffany, Johan",Colonel Blair with his Family and an Indian Ayah,OilPaintCanvas,1346,965,1786,Other,1
1117,"Gamarra, Sandra",Page 70,OilPaintCanvas,1620,1950,2006,Other,2
1118,"Smith, W. Eugene",Guarda Civil,Photograph,420,340,1951,US,3
1119,"Ramsay, Allan",Portrait of Martha Baker,OilPaintCanvas,640,770,1739,UK,4
1120,"Cheston, Evelyn","Betchworth Lane, October",Watercolor,370,250,1917,UK,5
1121,"Grayson, Roy",1. 5,Lithograph,441,559,1973,UK,1
1122,"Barron, Hugh",The Children of George Bond of Ditchleys,OilPaintCanvas,1397,1060,1768,Other,2
1123,"Engelbach, Florence",Roses,OilPaintCanvas,406,356,1934,Other,3
1124,"Morland, George",The Tea Garden,OilPaintCanvas,505,406,1790,UK,4
1125,"Johnson, James",The Tranquil Lake: Sunset Seen through a Ruined Abbey,OilPaintCanvas,1441,902,1825,UK,5
1126,"Naghi Bey, Mohammed","Religious Procession, Addis Ababa",OilPaintCanvas,543,649,1932,Other,1
1127,"Le Witt, Jan",Axial Image,Lithograph,330,406,1966,Other,2
1128,"Kestelman, Morris",Bonjour!,Lithograph,400,511,1975,UK,3
1129,"Baumeister, Willi",Untitled (Suspended Lines I),Lithograph,208,260,1953,Other,4
1130,"Indiana, Robert",Eternal Hexagon,Screenprint,407,446,1964,US,5
1131,"Winters, Terry",Monkey Puzzle,OilPaintCanvas,3664,2750,1987,US,1
1132,"Riviere, Briton",Beyond Mans Footsteps,OilPaintCanvas,1845,1190,1894,UK,2
1133,"Seddon, John Pollard","Recess with Staircase, St Sauveur, Caen",Lithograph,133,213,1852,UK,3
1134,"Carter, Hugh",The Last Ray,OilPaintCanvas,737,622,1878,UK,4
1135,"Barenger, James","Jonathan Griffin, Huntsman to the Earl of Derbys Staghounds",OilPaintCanvas,1270,1016,1813,UK,5
1136,"Clinton, Margery","Charlotte Square, Edinburgh",Lithograph,762,508,1961,Other,1
1137,"Smith, Jack",Objects in Light and Shadow,OilPaintCanvas,915,915,1959,UK,2
1138,"Key, Joan",Large Goats Head,Lithograph,575,776,1983,UK,3
1139,"Murray, Charles",The Resurrection,Watercolor,356,622,1944,UK,4
1140,"Walmsley, William",Ding Dong Daddy Dog Biscuits 2,Lithograph,511,632,1974,Other,5
1141,"Verrio, Antonio",Sketch for a Ceiling Decoration: An Assembly of the Gods,OilPaintCanvas,829,1692,1680,Other,1
1142,"Johnson, Ben",Escalator,Screenprint,838,559,1975,UK,2
1143,"Maxwell, John",Night Flowers,OilPaintCanvas,610,914,1959,UK,3
1144,"Drummond, Malcolm",Girl with Palmettes,OilPaintCanvas,403,498,1914,UK,4
1145,"Hook, James Clarke",Wreckage from the Fruiter,OilPaintCanvas,1556,921,1889,UK,5
1146,"Sasnal, Wilhelm",Untitled (a),OilPaintCanvas,299,241,2004,Other,1
1147,"Nicholson, Winifred",Glimpse Upon Waking,OilPaintCanvas,615,606,1976,UK,2
1148,"Halliday, Edward",Christian and Hopeful Arrive before the Celestial City,OilPaintCanvas,1206,912,1926,UK,3
1149,"Reeve, Russell",The Circus,Lithograph,762,495,1947,UK,4
1150,"Lucas, John Seymour","After Culloden, Rebel Hunting",OilPaintCanvas,1962,1426,1884,Other,5
1151,"Celice, Pierre",Untitled - Orange,Lithograph,657,508,1972,Other,1
1152,"Bussy, Simon",Lady Ottoline Morrell,OilPaintCanvas,290,308,1920,Other,2
1153,"Ouless, Walter William",Philip Westlake,OilPaintCanvas,705,902,1873,Other,3
1154,"Zuccarelli, Francesco",A Landscape with the Story of Cadmus Killing the Dragon,OilPaintCanvas,1572,1264,1765,Other,4
1155,"Gouk, Alan",Cretan Premonition,OilPaintCanvas,4381,1708,1985,UK,5
1156,"Yamaguchi, Katsuhiro",Composition for APN,Photograph,114,153,1953,Other,1
1157,"Pether, Henry","Greenwich Reach, Moonlight",OilPaintCanvas,889,597,1854,Other,2
1158,"Wootton, John",Life-Size Horse with Huntsman Blowing a Horn,OilPaintCanvas,3544,2300,1732,UK,3
1159,"Eastlake, Sir Charles Lock",The Colosseum from the Campo Vaccino,OilPaintCanvas,648,527,1822,Other,4
1160,"Warren, Michael",Crested Grebe,Lithograph,384,521,1974,UK,5
1161,"Krzywoblocki, Wojciech",Earth Sail,Screenprint,508,792,1970,Other,1
1162,"Collier, The Hon. John",Mrs Huxley,OilPaintCanvas,508,610,1927,UK,2